start,end,length,kind,lny,clean,holidays,start_dow,peak_net_away,peak_day_offset,mean_daily_dep,total_dep,eve_dep,first_day_dep,last_day_arr,eve_dow,name
2023-12-02,2023-12-03,2,ordinary,False,True,,Saturday,137403,1,240720.0,481440,228355,288411,307881,Friday,
2023-12-09,2023-12-10,2,ordinary,False,True,,Saturday,122916,1,254574.5,509149,212937,284258,288394,Friday,
2023-12-16,2023-12-17,2,ordinary,False,True,,Saturday,103814,1,222424.5,444849,216046,261473,266929,Friday,
2023-12-23,2023-12-26,4,long,False,False,,Saturday,473800,2,285290.75,1141163,239459,368816,372583,Friday,
2023-12-30,2024-01-01,3,long,False,False,The first day of January,Saturday,35728,1,205528.0,616584,201634,259485,280019,Friday,New Year
2024-01-06,2024-01-07,2,ordinary,False,False,,Saturday,85287,1,220420.5,440841,200037,254142,270248,Friday,
2024-01-13,2024-01-14,2,ordinary,False,True,,Saturday,110352,1,253199.5,506399,217761,289133,320338,Friday,
2024-01-20,2024-01-21,2,ordinary,False,True,,Saturday,118384,1,261417.0,522834,228367,308117,327210,Friday,
2024-01-27,2024-01-28,2,ordinary,False,True,,Saturday,118009,1,247629.5,495259,220918,289512,306990,Friday,
2024-02-03,2024-02-04,2,ordinary,False,True,,Saturday,99683,1,231660.5,463321,212500,265994,248985,Friday,
2024-02-10,2024-02-13,4,long,True,False,Lunar New Year's Day; The fourth day of Lunar New Year; The third day of Lunar New Year,Saturday,383927,2,231823.0,927292,229610,228726,316319,Friday,Lunar New Year
2024-02-17,2024-02-18,2,ordinary,False,False,,Saturday,-61640,0,177153.5,354307,165099,203734,312206,Friday,
2024-02-24,2024-02-25,2,ordinary,False,True,,Saturday,111442,1,250092.5,500185,205499,298743,300449,Friday,
2024-03-02,2024-03-03,2,ordinary,False,True,,Saturday,104402,1,237972.5,475945,204532,270657,295733,Friday,
2024-03-09,2024-03-10,2,ordinary,False,True,,Saturday,115394,1,252918.5,505837,231667,298049,311216,Friday,
2024-03-16,2024-03-17,2,ordinary,False,True,,Saturday,116038,1,267492.5,534985,226704,304020,332064,Friday,
2024-03-23,2024-03-24,2,ordinary,False,False,,Saturday,123121,1,268543.0,537086,229554,311814,312150,Friday,
2024-03-29,2024-04-01,4,long,False,False,Easter Monday; Good Friday; The day following Good Friday,Friday,604156,2,323853.25,1295413,383126,523876,371449,Thursday,Easter
2024-04-04,2024-04-04,1,single,False,False,Ching Ming Festival,Thursday,60164,0,212786.0,212786,263626,212786,308109,Wednesday,Ching Ming
2024-04-06,2024-04-07,2,ordinary,False,False,,Saturday,-51362,0,202900.0,405800,192428,227179,350704,Friday,
2024-04-13,2024-04-14,2,ordinary,False,True,,Saturday,137133,1,277837.0,555674,241629,330435,348419,Friday,
2024-04-20,2024-04-21,2,ordinary,False,True,,Saturday,135221,1,249571.0,499142,234020,320653,300838,Friday,
2024-04-27,2024-04-28,2,ordinary,False,False,,Saturday,120842,1,263831.0,527662,207032,310018,329038,Friday,
2024-05-01,2024-05-01,1,single,False,False,Labour Day,Wednesday,33284,0,146368.0,146368,218063,146368,192014,Tuesday,Labour Day
2024-05-04,2024-05-05,2,ordinary,False,False,,Saturday,93061,1,209149.0,418298,186684,215193,273089,Friday,
2024-05-11,2024-05-12,2,ordinary,False,False,,Saturday,153338,1,296139.5,592279,234438,348313,375318,Friday,
2024-05-15,2024-05-15,1,single,False,False,The Birthday of the Buddha,Wednesday,58934,0,311368.0,311368,244728,311368,358363,Tuesday,Buddha's Birthday
2024-05-18,2024-05-19,2,ordinary,False,False,,Saturday,121714,1,259241.5,518483,229957,312317,322156,Friday,
2024-05-25,2024-05-26,2,ordinary,False,True,,Saturday,121331,1,263857.0,527714,215437,306113,325625,Friday,
2024-06-01,2024-06-02,2,ordinary,False,True,,Saturday,103773,1,233612.0,467224,208751,260757,299595,Friday,
2024-06-08,2024-06-10,3,long,False,False,Tuen Ng Festival,Saturday,304388,2,303697.0,911091,269329,404149,426781,Friday,Tuen Ng
2024-06-15,2024-06-16,2,ordinary,False,False,,Saturday,103591,1,250441.5,500883,209343,278074,318767,Friday,
2024-06-22,2024-06-23,2,ordinary,False,True,,Saturday,131881,1,285909.0,571818,238367,334310,352768,Friday,
2024-06-29,2024-07-01,3,long,False,False,Hong Kong Special Administrative Region Establishment Day,Saturday,335931,2,324128.3333333333,972385,267492,419012,478810,Friday,July 1st
2024-07-06,2024-07-07,2,ordinary,False,False,,Saturday,110025,1,264885.5,529771,227219,298610,327011,Friday,
2024-07-13,2024-07-14,2,ordinary,False,True,,Saturday,152989,1,292349.5,584699,238533,342892,337615,Friday,
2024-07-20,2024-07-21,2,ordinary,False,True,,Saturday,149638,1,289054.0,578108,234665,334122,340057,Friday,
2024-07-27,2024-07-28,2,ordinary,False,True,,Saturday,135338,1,264455.5,528911,225944,308667,319816,Friday,
2024-08-03,2024-08-04,2,ordinary,False,True,,Saturday,143774,1,294439.0,588878,236206,340264,357132,Friday,
2024-08-10,2024-08-11,2,ordinary,False,True,,Saturday,148543,1,299265.5,598531,241263,347866,370826,Friday,
2024-08-17,2024-08-18,2,ordinary,False,True,,Saturday,120952,1,273065.0,546130,239035,302927,348218,Friday,
2024-08-24,2024-08-25,2,ordinary,False,True,,Saturday,139579,1,318195.0,636390,251244,366510,394574,Friday,
2024-08-31,2024-09-01,2,ordinary,False,True,,Saturday,84478,1,280421.5,560843,252683,337663,362153,Friday,
2024-09-07,2024-09-08,2,ordinary,False,True,,Saturday,109467,1,271813.0,543626,138390,311647,347469,Friday,
2024-09-14,2024-09-15,2,ordinary,False,False,,Saturday,160649,1,287887.0,575774,266247,342525,355082,Friday,
2024-09-18,2024-09-18,1,single,False,False,The day following the Chinese Mid-Autumn Festival,Wednesday,92880,0,232867.0,232867,233346,232867,323743,Tuesday,Mid-Autumn
2024-09-21,2024-09-22,2,ordinary,False,False,,Saturday,126147,1,258260.5,516521,241827,302152,334906,Friday,
2024-09-28,2024-09-29,2,ordinary,False,False,,Saturday,155007,1,298733.5,597467,261053,346856,357380,Friday,
2024-10-01,2024-10-01,1,single,False,False,National Day,Tuesday,4602,0,156461.0,156461,228479,156461,237224,Monday,National Day
2024-10-05,2024-10-06,2,ordinary,False,False,,Saturday,125941,1,257168.5,514337,221218,297043,307517,Friday,
2024-10-11,2024-10-13,3,long,False,False,Chung Yeung Festival,Friday,309213,1,305317.6666666667,915953,365395,465861,426687,Thursday,Chung Yeung
2024-10-19,2024-10-20,2,ordinary,False,True,,Saturday,135569,1,294013.5,588027,258627,345339,359029,Friday,
2024-10-26,2024-10-27,2,ordinary,False,True,,Saturday,133436,1,283835.0,567670,261886,334734,357299,Friday,
2024-11-02,2024-11-03,2,ordinary,False,True,,Saturday,164546,1,296967.0,593934,275991,357701,377005,Friday,
2024-11-09,2024-11-10,2,ordinary,False,True,,Saturday,164986,1,303710.0,607420,278413,359851,380484,Friday,
2024-11-16,2024-11-17,2,ordinary,False,True,,Saturday,165208,1,299069.0,598138,261944,360419,377209,Friday,
2024-11-23,2024-11-24,2,ordinary,False,True,,Saturday,162692,1,304822.0,609644,277509,362289,385457,Friday,
2024-11-30,2024-12-01,2,ordinary,False,True,,Saturday,150198,1,304140.0,608280,280203,362952,381475,Friday,
2024-12-07,2024-12-08,2,ordinary,False,True,,Saturday,141686,1,301040.5,602081,268903,354749,369931,Friday,
2024-12-14,2024-12-15,2,ordinary,False,True,,Saturday,129682,1,289088.0,578176,264639,340735,345010,Friday,
2024-12-21,2024-12-22,2,ordinary,False,False,,Saturday,213609,2,318473.0,636946,304341,343724,291388,Friday,
2024-12-25,2024-12-26,2,midweek2,False,False,Christmas Day; The first weekday after Christmas Day,Wednesday,318730,1,337083.5,674167,352665,431536,421247,Tuesday,Christmas
2024-12-28,2024-12-29,2,ordinary,False,False,,Saturday,-9999,1,253107.0,506214,251732,288434,371354,Friday,
2025-01-01,2025-01-01,1,single,False,False,The first day of January,Wednesday,11908,0,171030.0,171030,239302,171030,288236,Tuesday,New Year
2025-01-04,2025-01-05,2,ordinary,False,False,,Saturday,75590,1,258148.0,516296,234155,297715,319135,Friday,
2025-01-11,2025-01-12,2,ordinary,False,True,,Saturday,116919,1,288369.5,576739,260033,337117,358671,Friday,
2025-01-18,2025-01-19,2,ordinary,False,True,,Saturday,113601,1,305921.5,611843,268265,349792,370458,Friday,
2025-01-25,2025-01-26,2,ordinary,False,False,,Saturday,307886,2,319069.0,638138,297792,361907,218609,Friday,
2025-01-29,2025-02-02,5,long,True,False,Lunar New Year’s Day; The second day of Lunar New Year; The third day of Lunar New Year,Wednesday,375476,2,236479.4,1182397,234399,247896,372471,Tuesday,Lunar New Year
2025-02-08,2025-02-09,2,ordinary,False,True,,Saturday,40897,1,244252.0,488504,218097,282159,320876,Friday,
2025-02-15,2025-02-16,2,ordinary,False,True,,Saturday,133776,1,301145.0,602290,285537,351180,378461,Friday,
2025-02-22,2025-02-23,2,ordinary,False,True,,Saturday,142163,1,302946.0,605892,268728,361635,366167,Friday,
2025-03-01,2025-03-02,2,ordinary,False,True,,Saturday,149930,1,302990.0,605980,275771,360944,367800,Friday,
2025-03-08,2025-03-09,2,ordinary,False,True,,Saturday,175095,1,316224.5,632449,273208,377556,395522,Friday,
2025-03-15,2025-03-16,2,ordinary,False,True,,Saturday,168952,1,312783.0,625566,292310,361849,406562,Friday,
2025-03-22,2025-03-23,2,ordinary,False,True,,Saturday,162991,1,313466.0,626932,289277,375556,394624,Friday,
2025-03-29,2025-03-30,2,ordinary,False,False,,Saturday,164392,1,308162.5,616325,285636,368511,382810,Friday,
2025-04-04,2025-04-06,3,long,False,False,Ching Ming Festival,Friday,268446,1,272697.3333333333,818092,407954,376850,406179,Thursday,Ching Ming
2025-04-12,2025-04-13,2,ordinary,False,False,,Saturday,152032,1,285358.5,570717,277281,308673,347960,Friday,
2025-04-18,2025-04-21,4,long,False,False,Easter Monday; Good Friday; The day following Good Friday,Friday,642687,2,345589.25,1382357,448915,551199,484898,Thursday,Easter
2025-04-26,2025-04-27,2,ordinary,False,False,,Saturday,40601,1,270343.0,540686,239125,315440,355341,Friday,
2025-05-01,2025-05-01,1,single,False,False,Labour Day,Thursday,47223,0,211553.0,211553,270530,211553,221243,Wednesday,Labour Day
2025-05-03,2025-05-05,3,long,False,False,The Birthday of the Buddha,Saturday,197136,2,280411.6666666667,841235,234151,345059,379670,Friday,Buddha's Birthday
2025-05-10,2025-05-11,2,ordinary,False,False,,Saturday,127736,1,299482.0,598964,256768,342671,370828,Friday,
2025-05-17,2025-05-18,2,ordinary,False,True,,Saturday,150138,1,305972.0,611944,275671,365224,379153,Friday,
2025-05-24,2025-05-25,2,ordinary,False,True,,Saturday,133188,1,291233.0,582466,262302,343241,354057,Friday,
2025-05-31,2025-06-01,2,ordinary_ph,False,False,Tuen Ng Festival,Saturday,209422,1,275657.0,551314,336789,344738,399508,Friday,Tuen Ng
2025-06-07,2025-06-08,2,ordinary,False,True,,Saturday,145182,1,301557.0,603114,274316,357061,370119,Friday,
2025-06-14,2025-06-15,2,ordinary,False,True,,Saturday,154116,1,291627.5,583255,255760,329970,383195,Friday,
2025-06-21,2025-06-22,2,ordinary,False,True,,Saturday,181927,1,339750.5,679501,289393,403723,436205,Friday,
2025-06-28,2025-06-29,2,ordinary,False,False,,Saturday,211263,1,343558.5,687117,288343,400424,389493,Friday,
2025-07-01,2025-07-01,1,single,False,False,Hong Kong Special Administrative Region Establishment Day,Tuesday,27158,0,241895.0,241895,276388,241895,360920,Monday,July 1st
2025-07-05,2025-07-06,2,ordinary,False,False,,Saturday,137341,1,299466.5,598933,271052,344025,382212,Friday,
2025-07-12,2025-07-13,2,ordinary,False,True,,Saturday,165804,1,334953.0,669906,252689,368355,420607,Friday,
2025-07-19,2025-07-20,2,ordinary,False,True,,Saturday,124120,1,179377.5,358755,269587,331235,92482,Friday,
2025-07-26,2025-07-27,2,ordinary,False,True,,Saturday,174662,1,342675.0,685350,280724,395763,412458,Friday,
2025-08-02,2025-08-03,2,ordinary,False,True,,Saturday,164313,1,291555.0,583110,276316,333897,368261,Friday,
2025-08-09,2025-08-10,2,ordinary,False,True,,Saturday,163357,1,340063.0,680126,285514,392727,413445,Friday,
2025-08-16,2025-08-17,2,ordinary,False,True,,Saturday,159885,1,329172.0,658344,272071,389344,404472,Friday,
2025-08-23,2025-08-24,2,ordinary,False,True,,Saturday,156323,1,338637.0,677274,288129,396437,416265,Friday,
2025-08-30,2025-08-31,2,ordinary,False,True,,Saturday,93339,1,305668.0,611336,293068,370564,405475,Friday,
2025-09-06,2025-09-07,2,ordinary,False,True,,Saturday,153857,1,294807.0,589614,282798,363475,337190,Friday,
2025-09-13,2025-09-14,2,ordinary,False,True,,Saturday,176294,1,326180.5,652361,301434,390295,411341,Friday,
2025-09-20,2025-09-21,2,ordinary,False,True,,Saturday,146474,1,259988.5,519977,262728,304650,340697,Friday,
2025-09-27,2025-09-28,2,ordinary,False,False,,Saturday,167231,1,332914.0,665828,304823,392793,412440,Friday,
2025-10-01,2025-10-01,1,single,False,False,National Day,Wednesday,31673,0,185905.0,185905,275645,185905,226425,Tuesday,National Day
2025-10-04,2025-10-05,2,ordinary,False,False,,Saturday,196189,1,280759.5,561519,276530,340937,288026,Friday,
2025-10-07,2025-10-07,1,single,False,False,The day following the Chinese Mid-Autumn Festival,Tuesday,46142,0,219051.0,219051,234299,219051,351062,Monday,Mid-Autumn
2025-10-11,2025-10-12,2,ordinary,False,False,,Saturday,155012,1,314820.0,629640,294200,379156,388222,Friday,
2025-10-18,2025-10-19,2,ordinary,False,True,,Saturday,163985,1,321861.0,643722,300807,385755,404794,Friday,
2025-10-25,2025-10-26,2,ordinary,False,False,,Saturday,184951,1,327136.0,654272,311833,394248,404850,Friday,
2025-10-29,2025-10-29,1,single,False,False,Chung Yeung Festival,Wednesday,74009,0,302815.0,302815,310974,302815,369972,Tuesday,Chung Yeung
2025-11-01,2025-11-02,2,ordinary,False,False,,Saturday,140188,1,305978.5,611957,292518,364317,392668,Friday,
2025-11-08,2025-11-09,2,ordinary,False,True,,Saturday,176478,1,339324.0,678648,311729,404434,419801,Friday,
2025-11-15,2025-11-16,2,ordinary,False,True,,Saturday,175012,1,335129.0,670258,320978,390149,425264,Friday,
2025-11-22,2025-11-23,2,ordinary,False,True,,Saturday,177551,1,336745.0,673490,313919,402154,422878,Friday,
2025-11-29,2025-11-30,2,ordinary,False,True,,Saturday,185018,1,330208.5,660417,321478,398024,418765,Friday,
2025-12-06,2025-12-07,2,ordinary,False,True,,Saturday,175950,1,350568.0,701136,310234,397246,396045,Friday,
2025-12-13,2025-12-14,2,ordinary,False,True,,Saturday,149306,1,318523.0,637046,304606,375080,384162,Friday,
2025-12-20,2025-12-21,2,ordinary,False,False,,Saturday,198684,1,335902.5,671805,328572,392971,328194,Friday,
2025-12-25,2025-12-28,4,long,False,False,Christmas Day; The first weekday after Christmas Day,Thursday,482123,1,324397.5,1297590,445980,505893,436206,Wednesday,Christmas
2026-01-01,2026-01-01,1,single,False,False,The first day of January,Thursday,42506,0,192565.0,192565,286599,192565,305262,Wednesday,New Year
2026-01-03,2026-01-04,2,ordinary,False,False,,Saturday,19229,1,261048.0,522096,233769,302961,364020,Friday,
2026-01-10,2026-01-11,2,ordinary,False,True,,Saturday,145480,1,318110.0,636220,294263,378580,392832,Friday,
2026-01-17,2026-01-18,2,ordinary,False,True,,Saturday,155835,1,336233.0,672466,315229,398229,421797,Friday,
2026-01-24,2026-01-25,2,ordinary,False,True,,Saturday,160210,1,339021.0,678042,307611,401220,425008,Friday,
2026-01-31,2026-02-01,2,ordinary,False,True,,Saturday,154904,1,334521.5,669043,319619,394526,423885,Friday,
2026-02-07,2026-02-08,2,ordinary,False,True,,Saturday,140406,1,336552.0,673104,314784,388412,397793,Friday,
2026-02-14,2026-02-15,2,ordinary,False,False,,Saturday,423656,2,341521.5,683043,371921,414915,200961,Friday,
2026-02-17,2026-02-19,3,long,True,False,Lunar New Year’s Day; The second day of Lunar New Year; The third day of Lunar New Year,Tuesday,337330,2,264041.0,792123,231757,254197,331824,Monday,Lunar New Year
2026-02-21,2026-02-22,2,ordinary,False,False,,Saturday,-52275,0,186983.5,373967,233567,222168,379529,Friday,
2026-02-28,2026-03-01,2,ordinary,False,True,,Saturday,85803,1,277549.5,555099,265702,321571,344996,Friday,
2026-03-07,2026-03-08,2,ordinary,False,True,,Saturday,148103,1,328315.5,656631,303758,384980,395519,Friday,
2026-03-14,2026-03-15,2,ordinary,False,True,,Saturday,157419,1,337479.0,674958,318195,398704,412795,Friday,
2026-03-21,2026-03-22,2,ordinary,False,True,,Saturday,177418,1,335096.5,670193,328492,398945,415286,Friday,
2026-03-28,2026-03-29,2,ordinary,False,False,,Saturday,202297,1,351412.5,702825,334153,412857,402071,Friday,
2026-04-03,2026-04-07,5,long,False,False,Good Friday; The day following Ching Ming Festival; The day following Easter Monday; The day following Good Friday,Friday,722469,2,354666.0,1773330,481783,538889,556345,Thursday,Easter
2026-04-11,2026-04-12,2,ordinary,False,False,,Saturday,61784,1,299123.0,598246,297910,351279,407003,Friday,
2026-04-18,2026-04-19,2,ordinary,False,True,,Saturday,164024,1,333985.0,667970,305909,397698,407535,Friday,
2026-04-25,2026-04-26,2,ordinary,False,False,,Saturday,152606,1,334706.0,669412,286004,394061,412588,Friday,
2026-05-01,2026-05-03,3,long,False,False,Labour Day,Friday,190519,1,268055.6666666667,804167,373242,341004,364342,Thursday,Labour Day
2026-05-09,2026-05-10,2,ordinary,False,True,,Saturday,156342,1,337854.5,675709,304823,388722,415681,Friday,
2026-05-16,2026-05-17,2,ordinary,False,True,,Saturday,140185,1,314539.5,629079,291944,370438,379577,Friday,
2026-05-23,2026-05-25,3,long,False,False,The day following the Birthday of the Buddha,Saturday,378093,2,381247.3333333333,1143742,339509,489022,580718,Friday,Buddha's Birthday
2026-05-30,2026-05-31,2,ordinary,False,False,,Saturday,118479,1,283159.0,566318,282196,337833,341177,Friday,
2026-06-06,2026-06-07,2,ordinary,False,True,,Saturday,139167,1,290509.0,581018,286315,342657,358053,Friday,
2026-06-13,2026-06-14,2,ordinary,False,False,,Saturday,154581,1,311861.0,623722,304087,371087,379382,Friday,
2026-06-19,2026-06-21,3,long,False,False,Tuen Ng Festival,Friday,281296,1,315295.6666666667,945887,354323,410400,456176,Thursday,Tuen Ng
2026-06-27,2026-06-28,2,ordinary,False,False,,Saturday,144356,1,302422.0,604844,285338,362300,361874,Friday,
2026-07-01,2026-07-01,1,single,False,False,Hong Kong Special Administrative Region Establishment Day,Wednesday,55030,0,276579.0,276579,295132,276579,328164,Tuesday,July 1st
2026-07-04,2026-07-05,2,ordinary,False,False,,Saturday,122029,1,281652.5,563305,266924,319673,364702,Friday,
2026-07-11,2026-07-12,2,ordinary,False,True,,Saturday,157489,1,318887.0,637774,293955,378939,376427,Friday,
2026-07-18,2026-07-19,2,ordinary,False,True,,Saturday,180305,1,336476.5,672953,283800,386836,388868,Friday,
2026-07-25,2026-07-26,2,ordinary,False,True,,Saturday,110510,1,203141.0,406282,296021,312788,175036,Friday,
2026-08-01,2026-08-02,2,ordinary,False,True,,Saturday,164610,1,325262.5,650525,276920,387866,384956,Friday,
2026-08-08,2026-08-09,2,ordinary,False,True,,Saturday,168667,1,342129.0,684258,303128,399867,413974,Friday,
2026-08-15,2026-08-16,2,ordinary,False,True,,Saturday,169992,1,343855.5,687711,294417,401218,425941,Friday,
2026-08-22,2026-08-23,2,ordinary,False,True,,Saturday,152750,1,342337.5,684675,301509,397226,424029,Friday,
2026-08-29,2026-08-30,2,ordinary,False,True,,Saturday,133114,1,341897.0,683794,315361,401520,444739,Friday,
2026-09-05,2026-09-06,2,ordinary,False,True,,Saturday,170158,1,328023.0,656046,323163,393031,408135,Friday,
2026-09-12,2026-09-13,2,ordinary,False,True,,Saturday,192108,1,340360.0,680720,339402,407343,430908,Friday,
2026-09-19,2026-09-20,2,ordinary,False,True,,Saturday,176215,1,344075.0,688150,334466,404723,435051,Friday,
2026-09-26,2026-09-27,2,ordinary_ph,False,False,The day following the Chinese Mid-Autumn Festival,Saturday,277796,1,299233.5,598467,385945,393564,467304,Friday,Mid-Autumn
2026-10-01,2026-10-01,1,single,False,False,National Day,Thursday,44303,0,194374.0,194374,298078,194374,221385,Wednesday,National Day
2026-10-03,2026-10-04,2,ordinary,False,False,,Saturday,102560,1,257375.0,514750,249771,302430,344616,Friday,
