Date,arr,dep,net
2021-01-01,346,2433,2087
2021-01-02,542,2735,2193
2021-01-03,798,3274,2476
2021-01-04,1311,3455,2144
2021-01-05,703,992,289
2021-01-06,691,1175,484
2021-01-07,517,1132,615
2021-01-08,669,1447,778
2021-01-09,605,1606,1001
2021-01-10,788,1536,748
2021-01-11,1382,1199,-183
2021-01-12,1065,1720,655
2021-01-13,860,1469,609
2021-01-14,1040,1871,831
2021-01-15,1190,2054,864
2021-01-16,965,1926,961
2021-01-17,864,1683,819
2021-01-18,1350,1586,236
2021-01-19,846,1466,620
2021-01-20,1054,1581,527
2021-01-21,741,1121,380
2021-01-22,1058,1002,-56
2021-01-23,1101,959,-142
2021-01-24,1109,504,-605
2021-01-25,889,637,-252
2021-01-26,871,639,-232
2021-01-27,1068,618,-450
2021-01-28,1027,531,-496
2021-01-29,1288,313,-975
2021-01-30,1288,342,-946
2021-01-31,1244,244,-1000
2021-02-01,660,253,-407
2021-02-02,903,330,-573
2021-02-03,1540,555,-985
2021-02-04,1255,434,-821
2021-02-05,2128,316,-1812
2021-02-06,1860,264,-1596
2021-02-07,1749,228,-1521
2021-02-08,1120,205,-915
2021-02-09,1246,255,-991
2021-02-10,1052,282,-770
2021-02-11,390,213,-177
2021-02-12,151,183,32
2021-02-13,305,221,-84
2021-02-14,772,434,-338
2021-02-15,1357,594,-763
2021-02-16,1388,714,-674
2021-02-17,1877,933,-944
2021-02-18,2062,1092,-970
2021-02-19,2771,979,-1792
2021-02-20,3154,966,-2188
2021-02-21,3588,745,-2843
2021-02-22,3252,1215,-2037
2021-02-23,2718,969,-1749
2021-02-24,1799,805,-994
2021-02-25,1503,591,-912
2021-02-26,1444,460,-984
2021-02-27,3215,879,-2336
2021-02-28,3596,674,-2922
2021-03-01,3093,1096,-1997
2021-03-02,2022,1165,-857
2021-03-03,1875,715,-1160
2021-03-04,1387,587,-800
2021-03-05,1507,650,-857
2021-03-06,1913,667,-1246
2021-03-07,2709,483,-2226
2021-03-08,1470,732,-738
2021-03-09,1229,749,-480
2021-03-10,1500,796,-704
2021-03-11,1132,589,-543
2021-03-12,1060,632,-428
2021-03-13,1203,663,-540
2021-03-14,1728,395,-1333
2021-03-15,1199,609,-590
2021-03-16,1085,767,-318
2021-03-17,1024,779,-245
2021-03-18,1004,722,-282
2021-03-19,760,683,-77
2021-03-20,1098,651,-447
2021-03-21,1332,424,-908
2021-03-22,879,534,-345
2021-03-23,882,608,-274
2021-03-24,958,541,-417
2021-03-25,855,557,-298
2021-03-26,752,654,-98
2021-03-27,831,674,-157
2021-03-28,1175,490,-685
2021-03-29,790,508,-282
2021-03-30,885,676,-209
2021-03-31,1037,714,-323
2021-04-01,852,1217,365
2021-04-02,881,1057,176
2021-04-03,744,632,-112
2021-04-04,581,373,-208
2021-04-05,831,528,-303
2021-04-06,1474,612,-862
2021-04-07,1582,604,-978
2021-04-08,1371,783,-588
2021-04-09,1353,750,-603
2021-04-10,2019,912,-1107
2021-04-11,2019,576,-1443
2021-04-12,1096,716,-380
2021-04-13,1185,895,-290
2021-04-14,1091,766,-325
2021-04-15,1175,965,-210
2021-04-16,1059,939,-120
2021-04-17,1107,888,-219
2021-04-18,1446,713,-733
2021-04-19,822,680,-142
2021-04-20,1015,893,-122
2021-04-21,1234,807,-427
2021-04-22,849,812,-37
2021-04-23,1009,826,-183
2021-04-24,970,774,-196
2021-04-25,1202,596,-606
2021-04-26,773,770,-3
2021-04-27,763,778,15
2021-04-28,978,801,-177
2021-04-29,1205,778,-427
2021-04-30,1550,989,-561
2021-05-01,918,1055,137
2021-05-02,1097,651,-446
2021-05-03,752,661,-91
2021-05-04,632,798,166
2021-05-05,704,825,121
2021-05-06,764,1047,283
2021-05-07,992,869,-123
2021-05-08,1156,876,-280
2021-05-09,1099,624,-475
2021-05-10,1084,929,-155
2021-05-11,841,983,142
2021-05-12,958,880,-78
2021-05-13,812,843,31
2021-05-14,852,856,4
2021-05-15,1102,1064,-38
2021-05-16,1271,768,-503
2021-05-17,779,955,176
2021-05-18,899,1061,162
2021-05-19,1023,972,-51
2021-05-20,1067,819,-248
2021-05-21,987,808,-179
2021-05-22,1229,903,-326
2021-05-23,902,579,-323
2021-05-24,923,717,-206
2021-05-25,1113,914,-199
2021-05-26,1170,727,-443
2021-05-27,979,670,-309
2021-05-28,1256,743,-513
2021-05-29,1048,677,-371
2021-05-30,1136,604,-532
2021-05-31,971,754,-217
2021-06-01,907,980,73
2021-06-02,1020,733,-287
2021-06-03,960,727,-233
2021-06-04,831,646,-185
2021-06-05,943,625,-318
2021-06-06,887,563,-324
2021-06-07,675,599,-76
2021-06-08,916,657,-259
2021-06-09,987,632,-355
2021-06-10,855,710,-145
2021-06-11,1016,715,-301
2021-06-12,792,668,-124
2021-06-13,735,533,-202
2021-06-14,476,331,-145
2021-06-15,666,587,-79
2021-06-16,797,694,-103
2021-06-17,706,636,-70
2021-06-18,795,750,-45
2021-06-19,692,769,77
2021-06-20,865,449,-416
2021-06-21,716,544,-172
2021-06-22,761,502,-259
2021-06-23,802,436,-366
2021-06-24,652,475,-177
2021-06-25,957,647,-310
2021-06-26,752,642,-110
2021-06-27,862,417,-445
2021-06-28,717,490,-227
2021-06-29,821,531,-290
2021-06-30,1137,737,-400
2021-07-01,739,721,-18
2021-07-02,928,704,-224
2021-07-03,920,695,-225
2021-07-04,1047,712,-335
2021-07-05,1035,874,-161
2021-07-06,1078,801,-277
2021-07-07,1095,921,-174
2021-07-08,1003,951,-52
2021-07-09,1076,1143,67
2021-07-10,1294,1405,111
2021-07-11,1455,1195,-260
2021-07-12,1305,1478,173
2021-07-13,1190,1804,614
2021-07-14,1265,1885,620
2021-07-15,1586,1953,367
2021-07-16,1385,1884,499
2021-07-17,1251,1892,641
2021-07-18,1395,1790,395
2021-07-19,952,1700,748
2021-07-20,1191,1755,564
2021-07-21,1072,1643,571
2021-07-22,954,1649,695
2021-07-23,1174,1375,201
2021-07-24,1008,1062,54
2021-07-25,1330,871,-459
2021-07-26,1000,946,-54
2021-07-27,1097,936,-161
2021-07-28,1149,933,-216
2021-07-29,1105,868,-237
2021-07-30,1415,877,-538
2021-07-31,1306,950,-356
2021-08-01,1604,1147,-457
2021-08-02,1177,1241,64
2021-08-03,1244,1393,149
2021-08-04,1352,1235,-117
2021-08-05,1538,1227,-311
2021-08-06,1632,1159,-473
2021-08-07,1725,1174,-551
2021-08-08,1902,913,-989
2021-08-09,1366,1292,-74
2021-08-10,2169,1241,-928
2021-08-11,1787,1046,-741
2021-08-12,1853,1003,-850
2021-08-13,2041,937,-1104
2021-08-14,2098,999,-1099
2021-08-15,2616,892,-1724
2021-08-16,3753,879,-2874
2021-08-17,2457,871,-1586
2021-08-18,2495,895,-1600
2021-08-19,2299,729,-1570
2021-08-20,3008,789,-2219
2021-08-21,2577,568,-2009
2021-08-22,3239,498,-2741
2021-08-23,3352,711,-2641
2021-08-24,2756,738,-2018
2021-08-25,3194,774,-2420
2021-08-26,2920,646,-2274
2021-08-27,3051,704,-2347
2021-08-28,3524,813,-2711
2021-08-29,3582,639,-2943
2021-08-30,3430,619,-2811
2021-08-31,3331,808,-2523
2021-09-01,3253,1036,-2217
2021-09-02,1796,944,-852
2021-09-03,1467,875,-592
2021-09-04,1730,891,-839
2021-09-05,2135,701,-1434
2021-09-06,1255,958,-297
2021-09-07,1130,880,-250
2021-09-08,1189,730,-459
2021-09-09,1056,646,-410
2021-09-10,1247,726,-521
2021-09-11,1178,709,-469
2021-09-12,1323,416,-907
2021-09-13,976,506,-470
2021-09-14,927,605,-322
2021-09-15,1404,679,-725
2021-09-16,1236,638,-598
2021-09-17,1338,620,-718
2021-09-18,1717,739,-978
2021-09-19,1282,394,-888
2021-09-20,884,367,-517
2021-09-21,427,370,-57
2021-09-22,945,798,-147
2021-09-23,1087,779,-308
2021-09-24,1175,866,-309
2021-09-25,1145,989,-156
2021-09-26,1264,665,-599
2021-09-27,995,669,-326
2021-09-28,1060,733,-327
2021-09-29,1213,751,-462
2021-09-30,1553,766,-787
2021-10-01,831,616,-215
2021-10-02,684,708,24
2021-10-03,1004,638,-366
2021-10-04,694,808,114
2021-10-05,749,838,89
2021-10-06,666,836,170
2021-10-07,573,757,184
2021-10-08,736,968,232
2021-10-09,668,427,-241
2021-10-10,1238,177,-1061
2021-10-11,890,1693,803
2021-10-12,897,1049,152
2021-10-13,459,239,-220
2021-10-14,662,140,-522
2021-10-15,1021,928,-93
2021-10-16,1025,1008,-17
2021-10-17,1127,727,-400
2021-10-18,918,792,-126
2021-10-19,860,840,-20
2021-10-20,1046,739,-307
2021-10-21,712,748,36
2021-10-22,819,653,-166
2021-10-23,752,549,-203
2021-10-24,968,435,-533
2021-10-25,833,670,-163
2021-10-26,1032,668,-364
2021-10-27,972,638,-334
2021-10-28,884,602,-282
2021-10-29,883,540,-343
2021-10-30,1032,477,-555
2021-10-31,1095,444,-651
2021-11-01,725,737,12
2021-11-02,839,786,-53
2021-11-03,998,775,-223
2021-11-04,786,637,-149
2021-11-05,915,744,-171
2021-11-06,740,620,-120
2021-11-07,898,439,-459
2021-11-08,692,729,37
2021-11-09,730,772,42
2021-11-10,1003,827,-176
2021-11-11,772,539,-233
2021-11-12,696,665,-31
2021-11-13,627,650,23
2021-11-14,832,438,-394
2021-11-15,853,727,-126
2021-11-16,820,806,-14
2021-11-17,819,700,-119
2021-11-18,834,635,-199
2021-11-19,742,574,-168
2021-11-20,727,727,0
2021-11-21,864,456,-408
2021-11-22,1105,944,-161
2021-11-23,1133,903,-230
2021-11-24,1116,917,-199
2021-11-25,1120,833,-287
2021-11-26,1189,867,-322
2021-11-27,790,565,-225
2021-11-28,949,377,-572
2021-11-29,786,443,-343
2021-11-30,1041,502,-539
2021-12-01,838,966,128
2021-12-02,755,694,-61
2021-12-03,786,742,-44
2021-12-04,758,713,-45
2021-12-05,873,603,-270
2021-12-06,637,528,-109
2021-12-07,737,638,-99
2021-12-08,791,651,-140
2021-12-09,695,580,-115
2021-12-10,913,814,-99
2021-12-11,804,645,-159
2021-12-12,838,553,-285
2021-12-13,708,668,-40
2021-12-14,852,738,-114
2021-12-15,1067,842,-225
2021-12-16,1028,897,-131
2021-12-17,1132,1050,-82
2021-12-18,1027,885,-142
2021-12-19,18310,17990,-320
2021-12-20,1058,905,-153
2021-12-21,797,892,95
2021-12-22,954,807,-147
2021-12-23,914,737,-177
2021-12-24,817,819,2
2021-12-25,550,751,201
2021-12-26,708,1605,897
2021-12-27,797,981,184
2021-12-28,935,675,-260
2021-12-29,800,755,-45
2021-12-30,791,795,4
2021-12-31,1035,855,-180
2022-01-01,495,892,397
2022-01-02,785,960,175
2022-01-03,724,1224,500
2022-01-04,644,1096,452
2022-01-05,756,1078,322
2022-01-06,771,1080,309
2022-01-07,879,1134,255
2022-01-08,844,1139,295
2022-01-09,934,1000,66
2022-01-10,760,936,176
2022-01-11,797,958,161
2022-01-12,858,1055,197
2022-01-13,888,1217,329
2022-01-14,980,1133,153
2022-01-15,1197,1087,-110
2022-01-16,1037,981,-56
2022-01-17,812,885,73
2022-01-18,985,834,-151
2022-01-19,1019,771,-248
2022-01-20,1299,698,-601
2022-01-21,1602,977,-625
2022-01-22,1619,1037,-582
2022-01-23,1246,827,-419
2022-01-24,860,867,7
2022-01-25,1339,833,-506
2022-01-26,1495,714,-781
2022-01-27,1397,645,-752
2022-01-28,1440,664,-776
2022-01-29,907,824,-83
2022-01-30,723,804,81
2022-01-31,237,782,545
2022-02-01,65,823,758
2022-02-02,192,933,741
2022-02-03,350,1039,689
2022-02-04,404,1164,760
2022-02-05,446,1142,696
2022-02-06,934,1243,309
2022-02-07,509,1326,817
2022-02-08,541,1790,1249
2022-02-09,381,1790,1409
2022-02-10,418,1276,858
2022-02-11,295,1046,751
2022-02-12,360,956,596
2022-02-13,556,835,279
2022-02-14,341,840,499
2022-02-15,456,800,344
2022-02-16,496,851,355
2022-02-17,293,839,546
2022-02-18,236,800,564
2022-02-19,370,737,367
2022-02-20,349,699,350
2022-02-21,190,682,492
2022-02-22,179,658,479
2022-02-23,204,653,449
2022-02-24,151,794,643
2022-02-25,181,706,525
2022-02-26,168,684,516
2022-02-27,219,716,497
2022-02-28,255,703,448
2022-03-01,173,661,488
2022-03-02,181,656,475
2022-03-03,115,624,509
2022-03-04,113,463,350
2022-03-05,86,486,400
2022-03-06,142,492,350
2022-03-07,125,431,306
2022-03-08,102,416,314
2022-03-09,101,462,361
2022-03-10,116,434,318
2022-03-11,209,462,253
2022-03-12,82,431,349
2022-03-13,205,461,256
2022-03-14,186,436,250
2022-03-15,178,434,256
2022-03-16,394,448,54
2022-03-17,38,409,371
2022-03-18,176,389,213
2022-03-19,34,355,321
2022-03-20,65,344,279
2022-03-21,83,166,83
2022-03-22,267,164,-103
2022-03-23,318,174,-144
2022-03-24,165,253,88
2022-03-25,359,209,-150
2022-03-26,166,192,26
2022-03-27,246,181,-65
2022-03-28,252,217,-35
2022-03-29,296,170,-126
2022-03-30,319,158,-161
2022-03-31,453,192,-261
2022-04-01,250,211,-39
2022-04-02,274,252,-22
2022-04-03,335,351,16
2022-04-04,286,287,1
2022-04-05,271,310,39
2022-04-06,576,295,-281
2022-04-07,637,247,-390
2022-04-08,634,289,-345
2022-04-09,506,333,-173
2022-04-10,906,272,-634
2022-04-11,559,308,-251
2022-04-12,508,320,-188
2022-04-13,532,300,-232
2022-04-14,530,320,-210
2022-04-15,653,324,-329
2022-04-16,574,328,-246
2022-04-17,963,319,-644
2022-04-18,1087,368,-719
2022-04-19,1011,331,-680
2022-04-20,1101,291,-810
2022-04-21,606,291,-315
2022-04-22,736,306,-430
2022-04-23,1131,301,-830
2022-04-24,1560,327,-1233
2022-04-25,823,388,-435
2022-04-26,810,305,-505
2022-04-27,788,364,-424
2022-04-28,913,622,-291
2022-04-29,1045,444,-601
2022-04-30,1558,485,-1073
2022-05-01,2515,411,-2104
2022-05-02,2443,449,-1994
2022-05-03,911,383,-528
2022-05-04,804,424,-380
2022-05-05,899,720,-179
2022-05-06,895,532,-363
2022-05-07,1188,568,-620
2022-05-08,2031,505,-1526
2022-05-09,1984,533,-1451
2022-05-10,1174,604,-570
2022-05-11,771,538,-233
2022-05-12,744,570,-174
2022-05-13,712,578,-134
2022-05-14,1261,548,-713
2022-05-15,1648,543,-1105
2022-05-16,873,584,-289
2022-05-17,1029,598,-431
2022-05-18,911,600,-311
2022-05-19,747,563,-184
2022-05-20,967,591,-376
2022-05-21,1055,618,-437
2022-05-22,1192,481,-711
2022-05-23,833,539,-294
2022-05-24,706,547,-159
2022-05-25,806,538,-268
2022-05-26,799,429,-370
2022-05-27,780,428,-352
2022-05-28,1104,533,-571
2022-05-29,1337,435,-902
2022-05-30,802,463,-339
2022-05-31,835,459,-376
2022-06-01,682,475,-207
2022-06-02,638,435,-203
2022-06-03,545,425,-120
2022-06-04,1006,531,-475
2022-06-05,1533,316,-1217
2022-06-06,1024,481,-543
2022-06-07,793,478,-315
2022-06-08,940,536,-404
2022-06-09,749,607,-142
2022-06-10,876,491,-385
2022-06-11,1015,648,-367
2022-06-12,1063,477,-586
2022-06-13,779,432,-347
2022-06-14,748,483,-265
2022-06-15,881,524,-357
2022-06-16,616,464,-152
2022-06-17,704,479,-225
2022-06-18,855,634,-221
2022-06-19,952,398,-554
2022-06-20,820,392,-428
2022-06-21,720,597,-123
2022-06-22,726,316,-410
2022-06-23,836,409,-427
2022-06-24,696,510,-186
2022-06-25,1055,404,-651
2022-06-26,1093,374,-719
2022-06-27,753,347,-406
2022-06-28,839,415,-424
2022-06-29,847,490,-357
2022-06-30,1019,540,-479
2022-07-01,685,710,25
2022-07-02,758,725,-33
2022-07-03,1301,492,-809
2022-07-04,940,545,-395
2022-07-05,1052,638,-414
2022-07-06,1114,933,-181
2022-07-07,1051,853,-198
2022-07-08,1145,1129,-16
2022-07-09,1033,1013,-20
2022-07-10,1544,1058,-486
2022-07-11,965,1114,149
2022-07-12,1165,1265,100
2022-07-13,1100,1059,-41
2022-07-14,946,1302,356
2022-07-15,1200,1268,68
2022-07-16,1082,1549,467
2022-07-17,1362,1577,215
2022-07-18,994,1626,632
2022-07-19,1052,1658,606
2022-07-20,1400,1765,365
2022-07-21,1010,1644,634
2022-07-22,1055,1711,656
2022-07-23,1063,1758,695
2022-07-24,1321,1631,310
2022-07-25,1238,1704,466
2022-07-26,962,1670,708
2022-07-27,1026,1637,611
2022-07-28,1189,1685,496
2022-07-29,1150,1644,494
2022-07-30,1300,1703,403
2022-07-31,1671,1629,-42
2022-08-01,1181,1627,446
2022-08-02,1095,1633,538
2022-08-03,1263,1854,591
2022-08-04,943,1640,697
2022-08-05,1314,1804,490
2022-08-06,1352,1872,520
2022-08-07,1584,1747,163
2022-08-08,1253,1687,434
2022-08-09,1515,1822,307
2022-08-10,1635,1822,187
2022-08-11,1222,1653,431
2022-08-12,1517,1781,264
2022-08-13,1958,1912,-46
2022-08-14,2378,1725,-653
2022-08-15,2730,1838,-892
2022-08-16,2251,1759,-492
2022-08-17,1989,1827,-162
2022-08-18,2490,1638,-852
2022-08-19,2354,1570,-784
2022-08-20,3220,1681,-1539
2022-08-21,3849,1489,-2360
2022-08-22,3176,1476,-1700
2022-08-23,3174,1488,-1686
2022-08-24,3412,1470,-1942
2022-08-25,2389,1326,-1063
2022-08-26,3806,1434,-2372
2022-08-27,4031,1445,-2586
2022-08-28,4180,1347,-2833
2022-08-29,3663,1366,-2297
2022-08-30,3533,1439,-2094
2022-08-31,3472,1409,-2063
2022-09-01,3404,1301,-2103
2022-09-02,2907,1277,-1630
2022-09-03,2781,1358,-1423
2022-09-04,2478,1318,-1160
2022-09-05,1566,1227,-339
2022-09-06,1358,1198,-160
2022-09-07,1175,1038,-137
2022-09-08,1268,1107,-161
2022-09-09,1339,1110,-229
2022-09-10,787,1020,233
2022-09-11,1688,892,-796
2022-09-12,2122,756,-1366
2022-09-13,1510,927,-583
2022-09-14,1350,774,-576
2022-09-15,1544,943,-601
2022-09-16,1289,782,-507
2022-09-17,1391,959,-432
2022-09-18,1790,1018,-772
2022-09-19,1176,976,-200
2022-09-20,1415,1095,-320
2022-09-21,1317,1130,-187
2022-09-22,1117,1152,35
2022-09-23,1330,1243,-87
2022-09-24,1401,1466,65
2022-09-25,1593,1234,-359
2022-09-26,1426,1192,-234
2022-09-27,1450,1238,-212
2022-09-28,1787,1227,-560
2022-09-29,1759,1212,-547
2022-09-30,2098,1145,-953
2022-10-01,1052,1178,126
2022-10-02,1171,1127,-44
2022-10-03,1173,1234,61
2022-10-04,1218,1133,-85
2022-10-05,1272,1192,-80
2022-10-06,1006,1199,193
2022-10-07,828,1242,414
2022-10-08,1561,1148,-413
2022-10-09,1816,624,-1192
2022-10-10,1788,696,-1092
2022-10-11,1482,683,-799
2022-10-12,1311,680,-631
2022-10-13,1204,738,-466
2022-10-14,1214,654,-560
2022-10-15,1555,646,-909
2022-10-16,1616,719,-897
2022-10-17,1387,703,-684
2022-10-18,1233,681,-552
2022-10-19,1197,696,-501
2022-10-20,1423,711,-712
2022-10-21,1205,705,-500
2022-10-22,1301,727,-574
2022-10-23,1529,724,-805
2022-10-24,1350,790,-560
2022-10-25,1476,999,-477
2022-10-26,1470,1067,-403
2022-10-27,1261,1084,-177
2022-10-28,1376,1063,-313
2022-10-29,1375,1026,-349
2022-10-30,1626,1076,-550
2022-10-31,1472,954,-518
2022-11-01,1386,1083,-303
2022-11-02,648,972,324
2022-11-03,1255,1060,-195
2022-11-04,1071,1046,-25
2022-11-05,1355,1012,-343
2022-11-06,1333,1030,-303
2022-11-07,1268,1027,-241
2022-11-08,1146,1077,-69
2022-11-09,1184,1016,-168
2022-11-10,1282,739,-543
2022-11-11,1106,719,-387
2022-11-12,1114,708,-406
2022-11-13,1321,760,-561
2022-11-14,1184,723,-461
2022-11-15,1304,784,-520
2022-11-16,1258,747,-511
2022-11-17,1195,785,-410
2022-11-18,1240,814,-426
2022-11-19,1199,806,-393
2022-11-20,1448,803,-645
2022-11-21,1297,787,-510
2022-11-22,1322,815,-507
2022-11-23,1286,813,-473
2022-11-24,1107,884,-223
2022-11-25,1366,927,-439
2022-11-26,1317,863,-454
2022-11-27,1406,880,-526
2022-11-28,1412,886,-526
2022-11-29,1381,952,-429
2022-11-30,2606,958,-1648
2022-12-01,1302,1061,-241
2022-12-02,1078,949,-129
2022-12-03,1214,991,-223
2022-12-04,1220,892,-328
2022-12-05,1238,1011,-227
2022-12-06,1271,1107,-164
2022-12-07,1175,1248,73
2022-12-08,1189,1437,248
2022-12-09,1274,1471,197
2022-12-10,1358,1440,82
2022-12-11,1394,1409,15
2022-12-12,1193,1422,229
2022-12-13,1304,1452,148
2022-12-14,1337,1487,150
2022-12-15,1485,1612,127
2022-12-16,1565,1819,254
2022-12-17,1502,1846,344
2022-12-18,1473,1784,311
2022-12-19,1305,1772,467
2022-12-20,1717,1792,75
2022-12-21,1553,1708,155
2022-12-22,1326,1712,386
2022-12-23,1463,1674,211
2022-12-24,1298,1593,295
2022-12-25,1099,1572,473
2022-12-26,1282,1905,623
2022-12-27,1523,1427,-96
2022-12-28,1675,1372,-303
2022-12-29,1580,1245,-335
2022-12-30,1896,572,-1324
2022-12-31,1893,604,-1289
2023-01-01,1850,581,-1269
2023-01-02,2929,422,-2507
2023-01-03,2184,455,-1729
2023-01-04,2366,369,-1997
2023-01-05,2601,418,-2183
2023-01-06,3056,792,-2264
2023-01-07,3932,1078,-2854
2023-01-08,7223,21398,14175
2023-01-09,8355,13747,5392
2023-01-10,10083,14841,4758
2023-01-11,10583,14182,3599
2023-01-12,12220,16223,4003
2023-01-13,13853,20564,6711
2023-01-14,13990,21807,7817
2023-01-15,20155,20918,763
2023-01-16,16797,24095,7298
2023-01-17,15361,29658,14297
2023-01-18,15160,47145,31985
2023-01-19,13690,55869,42179
2023-01-20,10907,64169,53262
2023-01-21,6546,56487,49941
2023-01-22,6232,40353,34121
2023-01-23,12520,37621,25101
2023-01-24,24235,27941,3706
2023-01-25,47590,21245,-26345
2023-01-26,42731,19438,-23293
2023-01-27,40829,21462,-19367
2023-01-28,54876,20122,-34754
2023-01-29,90460,16328,-74132
2023-01-30,60690,18885,-41805
2023-01-31,50038,18266,-31772
2023-02-01,30601,20265,-10336
2023-02-02,24222,19563,-4659
2023-02-03,24535,28504,3969
2023-02-04,21680,24883,3203
2023-02-05,26740,10845,-15895
2023-02-06,72851,79474,6623
2023-02-07,74567,73880,-687
2023-02-08,77476,77409,-67
2023-02-09,77519,81589,4070
2023-02-10,84349,116274,31925
2023-02-11,92244,140409,48165
2023-02-12,165213,92691,-72522
2023-02-13,100392,92383,-8009
2023-02-14,87590,88626,1036
2023-02-15,93464,90363,-3101
2023-02-16,90742,94659,3917
2023-02-17,96799,127179,30380
2023-02-18,103362,152834,49472
2023-02-19,171660,102094,-69566
2023-02-20,108752,96997,-11755
2023-02-21,95943,96108,165
2023-02-22,97419,97720,301
2023-02-23,98018,102020,4002
2023-02-24,107120,137372,30252
2023-02-25,114265,164368,50103
2023-02-26,178974,109670,-69304
2023-02-27,118961,104001,-14960
2023-02-28,106048,103232,-2816
2023-03-01,101341,105622,4281
2023-03-02,105644,108633,2989
2023-03-03,112109,145456,33347
2023-03-04,115392,171746,56354
2023-03-05,187510,114312,-73198
2023-03-06,119267,106445,-12822
2023-03-07,106493,107195,702
2023-03-08,105739,106759,1020
2023-03-09,108209,110205,1996
2023-03-10,113882,148247,34365
2023-03-11,120141,179344,59203
2023-03-12,203612,122659,-80953
2023-03-13,124126,109627,-14499
2023-03-14,110535,107921,-2614
2023-03-15,107043,106440,-603
2023-03-16,109538,115411,5873
2023-03-17,116652,149526,32874
2023-03-18,127004,178107,51103
2023-03-19,196542,120469,-76073
2023-03-20,123022,109895,-13127
2023-03-21,109826,108452,-1374
2023-03-22,106972,104556,-2416
2023-03-23,107816,110819,3003
2023-03-24,114478,146570,32092
2023-03-25,116880,171249,54369
2023-03-26,178365,111377,-66988
2023-03-27,117610,107310,-10300
2023-03-28,109166,109416,250
2023-03-29,108002,112007,4005
2023-03-30,109470,120648,11178
2023-03-31,112771,175542,62771
2023-04-01,119924,234330,114406
2023-04-02,172914,162254,-10660
2023-04-03,113124,159739,46615
2023-04-04,97803,255110,157307
2023-04-05,142216,210954,68738
2023-04-06,126642,196200,69558
2023-04-07,156993,285954,128961
2023-04-08,184708,176507,-8201
2023-04-09,281586,136989,-144597
2023-04-10,356568,104921,-251647
2023-04-11,185160,102454,-82706
2023-04-12,147311,103340,-43971
2023-04-13,134754,107397,-27357
2023-04-14,137265,133188,-4077
2023-04-15,150412,163746,13334
2023-04-16,212250,124366,-87884
2023-04-17,130665,117729,-12936
2023-04-18,117808,114043,-3765
2023-04-19,107524,104197,-3327
2023-04-20,108617,109126,509
2023-04-21,113780,143572,29792
2023-04-22,130214,181913,51699
2023-04-23,198670,129174,-69496
2023-04-24,125939,116455,-9484
2023-04-25,115554,113951,-1603
2023-04-26,118088,116309,-1779
2023-04-27,122092,123619,1527
2023-04-28,129857,164338,34481
2023-04-29,124383,219002,94619
2023-04-30,167797,182121,14324
2023-05-01,236706,92126,-144580
2023-05-02,109229,93119,-16110
2023-05-03,93642,98530,4888
2023-05-04,106945,110718,3773
2023-05-05,113189,135412,22223
2023-05-06,128273,178343,50070
2023-05-07,171426,111585,-59841
2023-05-08,117682,117104,-578
2023-05-09,119949,121917,1968
2023-05-10,122649,121383,-1266
2023-05-11,121026,124215,3189
2023-05-12,126614,154185,27571
2023-05-13,148844,204864,56020
2023-05-14,217069,137410,-79659
2023-05-15,125452,123913,-1539
2023-05-16,121349,122716,1367
2023-05-17,116342,115553,-789
2023-05-18,119290,121570,2280
2023-05-19,125186,151350,26164
2023-05-20,139538,197798,58260
2023-05-21,206467,133977,-72490
2023-05-22,128609,119235,-9374
2023-05-23,112416,113666,1250
2023-05-24,112935,119670,6735
2023-05-25,118539,211961,93422
2023-05-26,212870,317365,104495
2023-05-27,170949,155357,-15592
2023-05-28,279349,109728,-169621
2023-05-29,138105,118626,-19479
2023-05-30,119069,114170,-4899
2023-05-31,113734,107858,-5876
2023-06-01,106802,110932,4130
2023-06-02,119285,143710,24425
2023-06-03,129630,179616,49986
2023-06-04,191742,124899,-66843
2023-06-05,125117,117821,-7296
2023-06-06,114763,117121,2358
2023-06-07,116006,117691,1685
2023-06-08,120807,121800,993
2023-06-09,127481,160074,32593
2023-06-10,142889,206500,63611
2023-06-11,233001,146650,-86351
2023-06-12,133076,124944,-8132
2023-06-13,121578,120059,-1519
2023-06-14,117532,116716,-816
2023-06-15,118310,120647,2337
2023-06-16,124392,159351,34959
2023-06-17,139306,199572,60266
2023-06-18,227591,142652,-84939
2023-06-19,133838,131991,-1847
2023-06-20,126400,133916,7516
2023-06-21,135057,193060,58003
2023-06-22,188209,175658,-12551
2023-06-23,130436,154879,24443
2023-06-24,150415,212581,62166
2023-06-25,276975,158891,-118084
2023-06-26,147342,132032,-15310
2023-06-27,132850,129869,-2981
2023-06-28,132208,130275,-1933
2023-06-29,130309,136190,5881
2023-06-30,135371,230541,95170
2023-07-01,184469,281685,97216
2023-07-02,308411,130875,-177536
2023-07-03,147633,123896,-23737
2023-07-04,127961,125584,-2377
2023-07-05,132430,133252,822
2023-07-06,130265,132717,2452
2023-07-07,139529,170749,31220
2023-07-08,161453,226947,65494
2023-07-09,251534,164690,-86844
2023-07-10,149130,133471,-15659
2023-07-11,135467,133143,-2324
2023-07-12,133591,137092,3501
2023-07-13,132896,144236,11340
2023-07-14,137701,177107,39406
2023-07-15,159965,242522,82557
2023-07-16,218787,154970,-63817
2023-07-17,86478,68431,-18047
2023-07-18,131929,137995,6066
2023-07-19,132939,148084,15145
2023-07-20,138818,151569,12751
2023-07-21,141437,180299,38862
2023-07-22,166572,251428,84856
2023-07-23,261963,187831,-74132
2023-07-24,157992,143989,-14003
2023-07-25,138265,137830,-435
2023-07-26,137603,137060,-543
2023-07-27,127733,126626,-1107
2023-07-28,124432,153002,28570
2023-07-29,152590,225866,73276
2023-07-30,253067,177714,-75353
2023-07-31,159630,137006,-22624
2023-08-01,134002,140404,6402
2023-08-02,138714,143313,4599
2023-08-03,140118,144608,4490
2023-08-04,144004,178230,34226
2023-08-05,172852,248984,76132
2023-08-06,271448,185723,-85725
2023-08-07,167381,142063,-25318
2023-08-08,148173,141564,-6609
2023-08-09,148170,144887,-3283
2023-08-10,143458,143477,19
2023-08-11,147709,180023,32314
2023-08-12,179640,260058,80418
2023-08-13,283641,183299,-100342
2023-08-14,175385,145292,-30093
2023-08-15,156581,144211,-12370
2023-08-16,151942,147850,-4092
2023-08-17,147726,148173,447
2023-08-18,147320,178701,31381
2023-08-19,195064,277865,82801
2023-08-20,292395,190273,-102122
2023-08-21,181245,150003,-31242
2023-08-22,158460,149477,-8983
2023-08-23,160963,149835,-11128
2023-08-24,155621,148601,-7020
2023-08-25,159367,185133,25766
2023-08-26,183715,263758,80043
2023-08-27,298307,195563,-102744
2023-08-28,186192,152318,-33874
2023-08-29,155846,135591,-20255
2023-08-30,163383,143359,-20024
2023-08-31,153120,152189,-931
2023-09-01,21993,25749,3756
2023-09-02,50115,70890,20775
2023-09-03,230116,173480,-56636
2023-09-04,143769,136903,-6866
2023-09-05,132510,136960,4450
2023-09-06,136453,138632,2179
2023-09-07,134863,137927,3064
2023-09-08,50964,73681,22717
2023-09-09,134297,205976,71679
2023-09-10,230490,142279,-88211
2023-09-11,143284,131674,-11610
2023-09-12,134240,135070,830
2023-09-13,136432,137584,1152
2023-09-14,112431,116058,3627
2023-09-15,139823,189153,49330
2023-09-16,175782,258724,82942
2023-09-17,297136,184592,-112544
2023-09-18,162561,148875,-13686
2023-09-19,145994,149128,3134
2023-09-20,149133,147052,-2081
2023-09-21,148358,147371,-987
2023-09-22,150435,192284,41849
2023-09-23,183104,258020,74916
2023-09-24,280383,176882,-103501
2023-09-25,164213,154921,-9292
2023-09-26,150293,152810,2517
2023-09-27,150789,160339,9550
2023-09-28,146905,170267,23362
2023-09-29,105138,248429,143291
2023-09-30,158405,305539,147134
2023-10-01,237530,178438,-59092
2023-10-02,350579,110818,-239761
2023-10-03,158410,117790,-40620
2023-10-04,132701,124335,-8366
2023-10-05,128890,130166,1276
2023-10-06,124655,159136,34481
2023-10-07,150780,202887,52107
2023-10-08,117922,77528,-40394
2023-10-09,116220,76738,-39482
2023-10-10,145647,149327,3680
2023-10-11,148037,154995,6958
2023-10-12,153520,158545,5025
2023-10-13,159479,193066,33587
2023-10-14,192656,265404,72748
2023-10-15,281832,184641,-97191
2023-10-16,165538,157569,-7969
2023-10-17,153187,151865,-1322
2023-10-18,146236,143846,-2390
2023-10-19,141410,148787,7377
2023-10-20,155657,226157,70500
2023-10-21,172699,362294,189595
2023-10-22,269153,319288,50135
2023-10-23,442684,174697,-267987
2023-10-24,183779,146701,-37078
2023-10-25,156163,150801,-5362
2023-10-26,156057,156539,482
2023-10-27,163175,194852,31677
2023-10-28,184278,241219,56941
2023-10-29,258983,169324,-89659
2023-10-30,170392,153948,-16444
2023-10-31,152065,147656,-4409
2023-11-01,152683,155669,2986
2023-11-02,156390,161513,5123
2023-11-03,169163,212373,43210
2023-11-04,202840,285893,83053
2023-11-05,304900,194224,-110676
2023-11-06,181425,163204,-18221
2023-11-07,160097,160372,275
2023-11-08,161470,162724,1254
2023-11-09,164652,165780,1128
2023-11-10,173041,216131,43090
2023-11-11,197157,280243,83086
2023-11-12,312567,204536,-108031
2023-11-13,184387,167587,-16800
2023-11-14,165888,164115,-1773
2023-11-15,165331,166299,968
2023-11-16,164518,175924,11406
2023-11-17,176111,229382,53271
2023-11-18,210834,294348,83514
2023-11-19,321270,202076,-119194
2023-11-20,187791,167844,-19947
2023-11-21,168381,166572,-1809
2023-11-22,168244,164198,-4046
2023-11-23,168641,171135,2494
2023-11-24,178589,222841,44252
2023-11-25,210709,299275,88566
2023-11-26,321975,205042,-116933
2023-11-27,188505,169420,-19085
2023-11-28,168256,168851,595
2023-11-29,167487,165469,-2018
2023-11-30,171755,172642,887
2023-12-01,174441,228355,53914
2023-12-02,204922,288411,83489
2023-12-03,307881,193029,-114852
2023-12-04,189058,166440,-22618
2023-12-05,166019,162374,-3645
2023-12-06,164800,161704,-3096
2023-12-07,165633,167605,1972
2023-12-08,175967,212937,36970
2023-12-09,198312,284258,85946
2023-12-10,288394,224891,-63503
2023-12-11,246962,189440,-57522
2023-12-12,166812,166694,-118
2023-12-13,163867,163381,-486
2023-12-14,168131,172800,4669
2023-12-15,179411,216046,36635
2023-12-16,194294,261473,67179
2023-12-17,266929,183376,-83553
2023-12-18,179219,172469,-6750
2023-12-19,170791,172949,2158
2023-12-20,167479,187276,19797
2023-12-21,166095,209989,43894
2023-12-22,137403,239459,102056
2023-12-23,143365,368816,225451
2023-12-24,190320,336613,146293
2023-12-25,330118,272308,-57810
2023-12-26,372583,163426,-209157
2023-12-27,226509,187794,-38715
2023-12-28,211027,186314,-24713
2023-12-29,212290,201634,-10656
2023-12-30,213101,259485,46384
2023-12-31,255181,233433,-21748
2024-01-01,280019,123666,-156353
2024-01-02,195097,148476,-46621
2024-01-03,166542,156059,-10483
2024-01-04,162141,160095,-2046
2024-01-05,170804,200037,29233
2024-01-06,198088,254142,56054
2024-01-07,270248,186699,-83549
2024-01-08,181783,168484,-13299
2024-01-09,166948,165986,-962
2024-01-10,168289,163789,-4500
2024-01-11,166641,169755,3114
2024-01-12,181064,217761,36697
2024-01-13,215478,289133,73655
2024-01-14,320338,217266,-103072
2024-01-15,193256,176556,-16700
2024-01-16,175750,170268,-5482
2024-01-17,172564,172511,-53
2024-01-18,175072,179626,4554
2024-01-19,190071,228367,38296
2024-01-20,228029,308117,80088
2024-01-21,327210,214717,-112493
2024-01-22,193829,170609,-23220
2024-01-23,148672,142547,-6125
2024-01-24,152289,150646,-1643
2024-01-25,161769,165325,3556
2024-01-26,177158,220918,43760
2024-01-27,215263,289512,74249
2024-01-28,306990,205747,-101243
2024-01-29,189345,175343,-14002
2024-01-30,171442,171546,104
2024-01-31,174882,169609,-5273
2024-02-01,170412,176333,5921
2024-02-02,175793,212500,36707
2024-02-03,203018,265994,62976
2024-02-04,248985,197327,-51658
2024-02-05,166726,177342,10616
2024-02-06,148804,207178,58374
2024-02-07,130982,240101,109119
2024-02-08,109502,245936,136434
2024-02-09,71059,229610,158551
2024-02-10,88711,228726,140015
2024-02-11,174539,259900,85361
2024-02-12,280858,262954,-17904
2024-02-13,316319,175712,-140607
2024-02-14,282070,171347,-110723
2024-02-15,236877,148355,-88522
2024-02-16,226739,165099,-61640
2024-02-17,260232,203734,-56498
2024-02-18,312206,150573,-161633
2024-02-19,195377,148687,-46690
2024-02-20,166801,149848,-16953
2024-02-21,160758,153262,-7496
2024-02-22,159461,159244,-217
2024-02-23,167257,205499,38242
2024-02-24,225543,298743,73200
2024-02-25,300449,201442,-99007
2024-02-26,189743,167186,-22557
2024-02-27,170326,164899,-5427
2024-02-28,167135,162269,-4866
2024-02-29,168951,166331,-2620
2024-03-01,167622,204532,36910
2024-03-02,203165,270657,67492
2024-03-03,295733,205288,-90445
2024-03-04,178675,166002,-12673
2024-03-05,167455,166099,-1356
2024-03-06,165279,164793,-486
2024-03-07,167383,174564,7181
2024-03-08,186532,231667,45135
2024-03-09,227790,298049,70259
2024-03-10,311216,207788,-103428
2024-03-11,172199,158467,-13732
2024-03-12,177972,177618,-354
2024-03-13,171733,174660,2927
2024-03-14,175386,179742,4356
2024-03-15,187137,226704,39567
2024-03-16,227549,304020,76471
2024-03-17,332064,230965,-101099
2024-03-18,193042,174663,-18379
2024-03-19,171434,171528,94
2024-03-20,174568,176636,2068
2024-03-21,177705,182446,4741
2024-03-22,189331,229554,40223
2024-03-23,228916,311814,82898
2024-03-24,312150,225272,-86878
2024-03-25,195755,193583,-2172
2024-03-26,183751,203480,19729
2024-03-27,183774,242249,58475
2024-03-28,174755,383126,208371
2024-03-29,200403,523876,323473
2024-03-30,267796,340108,72312
2024-03-31,392138,260346,-131792
2024-04-01,371449,171083,-200366
2024-04-02,233924,199722,-34202
2024-04-03,203462,263626,60164
2024-04-04,308109,212786,-95323
2024-04-05,243790,192428,-51362
2024-04-06,248422,227179,-21243
2024-04-07,350704,178621,-172083
2024-04-08,211627,174906,-36721
2024-04-09,181740,171712,-10028
2024-04-10,182433,179892,-2541
2024-04-11,178869,182029,3160
2024-04-12,192331,241629,49298
2024-04-13,242600,330435,87835
2024-04-14,348419,225239,-123180
2024-04-15,204441,181611,-22830
2024-04-16,181385,178788,-2597
2024-04-17,178384,179725,1341
2024-04-18,176190,177160,970
2024-04-19,186637,234020,47383
2024-04-20,232815,320653,87838
2024-04-21,300838,178489,-122349
2024-04-22,183114,163318,-19796
2024-04-23,145641,142593,-3048
2024-04-24,169267,169949,682
2024-04-25,163940,168069,4129
2024-04-26,167792,207032,39240
2024-04-27,228416,310018,81602
2024-04-28,329038,217644,-111394
2024-04-29,204044,191367,-12677
2024-04-30,184779,218063,33284
2024-05-01,192014,146368,-45646
2024-05-02,148436,139760,-8676
2024-05-03,152046,186684,34638
2024-05-04,156770,215193,58423
2024-05-05,273089,203105,-69984
2024-05-06,189969,184228,-5741
2024-05-07,176339,178249,1910
2024-05-08,174657,180337,5680
2024-05-09,181910,186073,4163
2024-05-10,190260,234438,44178
2024-05-11,239153,348313,109160
2024-05-12,375318,243966,-131352
2024-05-13,190914,187333,-3581
2024-05-14,185794,244728,58934
2024-05-15,358363,311368,-46995
2024-05-16,190909,183127,-7782
2024-05-17,188799,229957,41158
2024-05-18,231761,312317,80556
2024-05-19,322156,206166,-115990
2024-05-20,187009,172122,-14887
2024-05-21,163543,156739,-6804
2024-05-22,170299,168950,-1349
2024-05-23,174172,176104,1932
2024-05-24,175313,215437,40124
2024-05-25,224906,306113,81207
2024-05-26,325625,221601,-104024
2024-05-27,194861,178332,-16529
2024-05-28,176817,174146,-2671
2024-05-29,181345,180966,-379
2024-05-30,180607,183103,2496
2024-05-31,172527,208751,36224
2024-06-01,193208,260757,67549
2024-06-02,299595,206467,-93128
2024-06-03,178820,166083,-12737
2024-06-04,171173,171432,259
2024-06-05,175074,176814,1740
2024-06-06,175268,184000,8732
2024-06-07,190778,269329,78551
2024-06-08,213098,404149,191051
2024-06-09,296456,331242,34786
2024-06-10,426781,175700,-251081
2024-06-11,221759,183505,-38254
2024-06-12,186177,181388,-4789
2024-06-13,183319,181108,-2211
2024-06-14,174926,209343,34417
2024-06-15,208900,278074,69174
2024-06-16,318767,222809,-95958
2024-06-17,198928,190404,-8524
2024-06-18,183301,184350,1049
2024-06-19,186644,185638,-1006
2024-06-20,182104,184232,2128
2024-06-21,193333,238367,45034
2024-06-22,247463,334310,86847
2024-06-23,352768,237508,-115260
2024-06-24,202033,185741,-16292
2024-06-25,182274,180834,-1440
2024-06-26,183505,183479,-26
2024-06-27,182665,191452,8787
2024-06-28,192219,267492,75273
2024-06-29,212185,419012,206827
2024-06-30,323374,377205,53831
2024-07-01,478810,176168,-302642
2024-07-02,208779,172922,-35857
2024-07-03,184221,180811,-3410
2024-07-04,180834,179149,-1685
2024-07-05,191519,227219,35700
2024-07-06,224285,298610,74325
2024-07-07,327011,231161,-95850
2024-07-08,204590,188042,-16548
2024-07-09,185986,182475,-3511
2024-07-10,185166,184964,-202
2024-07-11,183637,189700,6063
2024-07-12,189872,238533,48661
2024-07-13,238564,342892,104328
2024-07-14,337615,241807,-95808
2024-07-15,211926,197900,-14026
2024-07-16,186540,192642,6102
2024-07-17,185654,197384,11730
2024-07-18,183793,196639,12846
2024-07-19,186934,234665,47731
2024-07-20,232215,334122,101907
2024-07-21,340057,243986,-96071
2024-07-22,211091,191893,-19198
2024-07-23,190558,189654,-904
2024-07-24,191004,193720,2716
2024-07-25,186742,193462,6720
2024-07-26,183573,225944,42371
2024-07-27,215700,308667,92967
2024-07-28,319816,220244,-99572
2024-07-29,213612,187784,-25828
2024-07-30,189378,183716,-5662
2024-07-31,184810,181106,-3704
2024-08-01,184563,196180,11617
2024-08-02,191216,236206,44990
2024-08-03,241480,340264,98784
2024-08-04,357132,248614,-108518
2024-08-05,218540,189862,-28678
2024-08-06,187474,179653,-7821
2024-08-07,191584,192245,661
2024-08-08,193019,196732,3713
2024-08-09,195048,241263,46215
2024-08-10,245538,347866,102328
2024-08-11,370826,250665,-120161
2024-08-12,229637,192566,-37071
2024-08-13,204667,188697,-15970
2024-08-14,197007,190835,-6172
2024-08-15,190031,190262,231
2024-08-16,198046,239035,40989
2024-08-17,222964,302927,79963
2024-08-18,348218,243203,-105015
2024-08-19,223439,192773,-30666
2024-08-20,201006,187043,-13963
2024-08-21,195939,189378,-6561
2024-08-22,205541,203370,-2171
2024-08-23,214002,251244,37242
2024-08-24,264173,366510,102337
2024-08-25,394574,269880,-124694
2024-08-26,247188,206657,-40531
2024-08-27,216786,201708,-15078
2024-08-28,212943,205083,-7860
2024-08-29,216072,207066,-9006
2024-08-30,223783,252683,28900
2024-08-31,282085,337663,55578
2024-09-01,362153,223180,-138973
2024-09-02,200855,185740,-15115
2024-09-03,183276,186073,2797
2024-09-04,183286,185719,2433
2024-09-05,129094,154926,25832
2024-09-06,109931,138390,28459
2024-09-07,230639,311647,81008
2024-09-08,347469,231979,-115490
2024-09-09,214082,200869,-13213
2024-09-10,196695,197833,1138
2024-09-11,198208,197772,-436
2024-09-12,198423,203677,5254
2024-09-13,203003,266247,63244
2024-09-14,245120,342525,97405
2024-09-15,355082,233249,-121833
2024-09-16,200589,192765,-7824
2024-09-17,140466,233346,92880
2024-09-18,323743,232867,-90876
2024-09-19,211421,194374,-17047
2024-09-20,196709,241827,45118
2024-09-21,221123,302152,81029
2024-09-22,334906,214369,-120537
2024-09-23,210446,192290,-18156
2024-09-24,184134,182040,-2094
2024-09-25,194400,194085,-315
2024-09-26,202264,203315,1051
2024-09-27,209071,261053,51982
2024-09-28,243831,346856,103025
2024-09-29,357380,250611,-106769
2024-09-30,223877,228479,4602
2024-10-01,237224,156461,-80763
2024-10-02,172901,151999,-20902
2024-10-03,165665,168225,2560
2024-10-04,172706,221218,48512
2024-10-05,219614,297043,77429
2024-10-06,307517,217294,-90223
2024-10-07,194889,193249,-1640
2024-10-08,197050,207059,10009
2024-10-09,197119,209479,12360
2024-10-10,199442,365395,165953
2024-10-11,322601,465861,143260
2024-10-12,300322,278485,-21837
2024-10-13,426687,171607,-255080
2024-10-14,231981,203197,-28784
2024-10-15,202052,198580,-3472
2024-10-16,199218,198050,-1168
2024-10-17,199449,201873,2424
2024-10-18,211840,258627,46787
2024-10-19,256557,345339,88782
2024-10-20,359029,242688,-116341
2024-10-21,223726,202821,-20905
2024-10-22,199518,197341,-2177
2024-10-23,202213,201208,-1005
2024-10-24,204353,208610,4257
2024-10-25,214129,261886,47757
2024-10-26,249055,334734,85679
2024-10-27,357299,232936,-124363
2024-10-28,224642,205038,-19604
2024-10-29,204572,202277,-2295
2024-10-30,204828,201696,-3132
2024-10-31,203160,205949,2789
2024-11-01,208471,275991,67520
2024-11-02,260675,357701,97026
2024-11-03,377005,236233,-140772
2024-11-04,228105,203244,-24861
2024-11-05,203512,202624,-888
2024-11-06,201570,201210,-360
2024-11-07,205427,213396,7969
2024-11-08,216825,278413,61588
2024-11-09,256453,359851,103398
2024-11-10,380484,247569,-132915
2024-11-11,234093,209138,-24955
2024-11-12,212723,206039,-6684
2024-11-13,196822,200592,3770
2024-11-14,153172,148379,-4793
2024-11-15,201450,261944,60494
2024-11-16,255705,360419,104714
2024-11-17,377209,237719,-139490
2024-11-18,237910,208401,-29509
2024-11-19,190896,186363,-4533
2024-11-20,180100,178481,-1619
2024-11-21,195537,201976,6439
2024-11-22,217801,277509,59708
2024-11-23,259305,362289,102984
2024-11-24,385457,247355,-138102
2024-11-25,235724,213634,-22090
2024-11-26,209849,208593,-1256
2024-11-27,211030,206271,-4759
2024-11-28,210838,217811,6973
2024-11-29,223271,280203,56932
2024-11-30,269686,362952,93266
2024-12-01,381475,245328,-136147
2024-12-02,226435,205559,-20876
2024-12-03,205845,203598,-2247
2024-12-04,203215,204813,1598
2024-12-05,205992,212073,6081
2024-12-06,220699,268903,48204
2024-12-07,261267,354749,93482
2024-12-08,369931,247332,-122599
2024-12-09,232573,215519,-17054
2024-12-10,210628,208324,-2304
2024-12-11,210349,207245,-3104
2024-12-12,212639,214872,2233
2024-12-13,222920,264639,41719
2024-12-14,252772,340735,87963
2024-12-15,345010,237441,-107569
2024-12-16,229478,217158,-12320
2024-12-17,208637,213105,4468
2024-12-18,215566,218735,3169
2024-12-19,222654,229585,6931
2024-12-20,224133,304341,80208
2024-12-21,212157,343724,131567
2024-12-22,291388,293222,1834
2024-12-23,238630,266282,27652
2024-12-24,194492,352665,158173
2024-12-25,270979,431536,160557
2024-12-26,421247,242631,-178616
2024-12-27,270515,251732,-18783
2024-12-28,279650,288434,8784
2024-12-29,371354,217780,-153574
2024-12-30,290510,224205,-66305
2024-12-31,227394,239302,11908
2025-01-01,288236,171030,-117206
2025-01-02,216155,196296,-19859
2025-01-03,208640,234155,25515
2025-01-04,247640,297715,50075
2025-01-05,319135,218581,-100554
2025-01-06,217619,207440,-10179
2025-01-07,204164,204860,696
2025-01-08,204942,205232,290
2025-01-09,206866,210684,3818
2025-01-10,218603,260033,41430
2025-01-11,261628,337117,75489
2025-01-12,358671,239622,-119049
2025-01-13,234053,212449,-21604
2025-01-14,207433,207474,41
2025-01-15,213032,214540,1508
2025-01-16,218990,218973,-17
2025-01-17,225845,268265,42420
2025-01-18,278611,349792,71181
2025-01-19,370458,262051,-108407
2025-01-20,234018,219588,-14430
2025-01-21,209315,212330,3015
2025-01-22,203972,211645,7673
2025-01-23,201096,226621,25525
2025-01-24,198362,297792,99430
2025-01-25,211073,361907,150834
2025-01-26,218609,276231,57622
2025-01-27,155223,235748,80525
2025-01-28,89977,234399,144422
2025-01-29,107087,247896,140809
2025-01-30,193782,284027,90245
2025-01-31,301690,276623,-25067
2025-02-01,336830,230752,-106078
2025-02-02,372471,143099,-229372
2025-02-03,283467,163101,-120366
2025-02-04,254543,157395,-97148
2025-02-05,248168,168072,-80096
2025-02-06,209528,174845,-34683
2025-02-07,207256,218097,10841
2025-02-08,252103,282159,30056
2025-02-09,320876,206345,-114531
2025-02-10,210843,194852,-15991
2025-02-11,193909,196677,2768
2025-02-12,176026,178254,2228
2025-02-13,203592,203874,282
2025-02-14,223032,285537,62505
2025-02-15,279909,351180,71271
2025-02-16,378461,251110,-127351
2025-02-17,232192,209265,-22927
2025-02-18,207804,204207,-3597
2025-02-19,205262,202035,-3227
2025-02-20,209142,212128,2986
2025-02-21,218555,268728,50173
2025-02-22,269645,361635,91990
2025-02-23,366167,244257,-121910
2025-02-24,232696,208127,-24569
2025-02-25,204617,203467,-1150
2025-02-26,201710,201006,-704
2025-02-27,207698,213490,5792
2025-02-28,218399,275771,57372
2025-03-01,268386,360944,92558
2025-03-02,367800,245036,-122764
2025-03-03,229491,206155,-23336
2025-03-04,199268,196306,-2962
2025-03-05,194821,194778,-43
2025-03-06,189782,198192,8410
2025-03-07,205458,273208,67750
2025-03-08,270211,377556,107345
2025-03-09,395522,254893,-140629
2025-03-10,242655,215506,-27149
2025-03-11,215559,211323,-4236
2025-03-12,208776,208832,56
2025-03-13,212337,220428,8091
2025-03-14,224353,292310,67957
2025-03-15,260854,361849,100995
2025-03-16,406562,263717,-142845
2025-03-17,239842,208872,-30970
2025-03-18,209696,206710,-2986
2025-03-19,209814,210815,1001
2025-03-20,210592,221643,11051
2025-03-21,225328,289277,63949
2025-03-22,276514,375556,99042
2025-03-23,394624,251376,-143248
2025-03-24,239189,215135,-24054
2025-03-25,213033,211552,-1481
2025-03-26,209192,211853,2661
2025-03-27,215243,224736,9493
2025-03-28,224272,285636,61364
2025-03-29,265483,368511,103028
2025-03-30,382810,247814,-134996
2025-03-31,224875,199360,-25515
2025-04-01,198795,214153,15358
2025-04-02,202972,241874,38902
2025-04-03,204738,407954,203216
2025-04-04,311620,376850,65230
2025-04-05,297071,256894,-40177
2025-04-06,406179,184348,-221831
2025-04-07,261414,211050,-50364
2025-04-08,220290,212323,-7967
2025-04-09,214124,210763,-3361
2025-04-10,213755,219614,5859
2025-04-11,220848,277281,56433
2025-04-12,213074,308673,95599
2025-04-13,347960,262044,-85916
2025-04-14,239632,228149,-11483
2025-04-15,221206,239523,18317
2025-04-16,218647,279493,60846
2025-04-17,209996,448915,238919
2025-04-18,221552,551199,329647
2025-04-19,314778,388899,74121
2025-04-20,462742,277747,-184995
2025-04-21,484898,164512,-320386
2025-04-22,324406,211357,-113049
2025-04-23,258551,211268,-47283
2025-04-24,240239,215443,-24796
2025-04-25,232714,239125,6411
2025-04-26,281250,315440,34190
2025-04-27,355341,225246,-130095
2025-04-28,225186,209026,-16160
2025-04-29,221292,219787,-1505
2025-04-30,223307,270530,47223
2025-05-01,221243,211553,-9690
2025-05-02,186489,234151,47662
2025-05-03,210373,345059,134686
2025-05-04,312469,327257,14788
2025-05-05,379670,168919,-210751
2025-05-06,220185,198473,-21712
2025-05-07,190950,194527,3577
2025-05-08,209453,213418,3965
2025-05-09,215757,256768,41011
2025-05-10,255946,342671,86725
2025-05-11,370828,256293,-114535
2025-05-12,228175,223916,-4259
2025-05-13,212883,215122,2239
2025-05-14,211738,210781,-957
2025-05-15,210849,220178,9329
2025-05-16,220515,275671,55156
2025-05-17,270242,365224,94982
2025-05-18,379153,246720,-132433
2025-05-19,232573,212001,-20572
2025-05-20,209656,210772,1116
2025-05-21,209031,204010,-5021
2025-05-22,207360,209358,1998
2025-05-23,213892,262302,48410
2025-05-24,258463,343241,84778
2025-05-25,354057,239225,-114832
2025-05-26,234201,215265,-18936
2025-05-27,209208,208267,-941
2025-05-28,203836,207209,3373
2025-05-29,198942,208244,9302
2025-05-30,213200,336789,123589
2025-05-31,258905,344738,85833
2025-06-01,399508,206576,-192932
2025-06-02,221065,195407,-25658
2025-06-03,208003,205748,-2255
2025-06-04,197230,192173,-5057
2025-06-05,203351,205575,2224
2025-06-06,219732,274316,54584
2025-06-07,266463,357061,90598
2025-06-08,370119,246053,-124066
2025-06-09,228399,210040,-18359
2025-06-10,210427,208948,-1479
2025-06-11,203754,202588,-1166
2025-06-12,194813,198074,3261
2025-06-13,197160,255760,58600
2025-06-14,234454,329970,95516
2025-06-15,383195,253285,-129910
2025-06-16,234521,219520,-15001
2025-06-17,196866,191362,-5504
2025-06-18,214502,218623,4121
2025-06-19,216381,221522,5141
2025-06-20,226065,289393,63328
2025-06-21,285124,403723,118599
2025-06-22,436205,275778,-160427
2025-06-23,240734,218352,-22382
2025-06-24,217658,214464,-3194
2025-06-25,216735,217018,283
2025-06-26,209688,216702,7014
2025-06-27,222641,288343,65702
2025-06-28,254863,400424,145561
2025-06-29,389493,286693,-102800
2025-06-30,249230,276388,27158
2025-07-01,360920,241895,-119025
2025-07-02,226956,208942,-18014
2025-07-03,214786,217671,2885
2025-07-04,222516,271052,48536
2025-07-05,255220,344025,88805
2025-07-06,382212,254908,-127304
2025-07-07,236458,214518,-21940
2025-07-08,214798,214815,17
2025-07-09,212337,210964,-1373
2025-07-10,178006,188599,10593
2025-07-11,197661,252689,55028
2025-07-12,257579,368355,110776
2025-07-13,420607,301551,-119056
2025-07-14,248540,229560,-18980
2025-07-15,220026,227615,7589
2025-07-16,212786,226801,14015
2025-07-17,213987,233370,19383
2025-07-18,210461,269587,59126
2025-07-19,266241,331235,64994
2025-07-20,92482,27520,-64962
2025-07-21,238900,202692,-36208
2025-07-22,215386,219190,3804
2025-07-23,223106,229348,6242
2025-07-24,224122,229356,5234
2025-07-25,225480,280724,55244
2025-07-26,276345,395763,119418
2025-07-27,412458,289587,-122871
2025-07-28,257768,224399,-33369
2025-07-29,203564,195066,-8498
2025-07-30,219892,218534,-1358
2025-07-31,217769,216989,-780
2025-08-01,213730,276316,62586
2025-08-02,232170,333897,101727
2025-08-03,368261,249213,-119048
2025-08-04,224929,191881,-33048
2025-08-05,148776,133211,-15565
2025-08-06,201254,198658,-2596
2025-08-07,224407,230624,6217
2025-08-08,232856,285514,52658
2025-08-09,282028,392727,110699
2025-08-10,413445,287399,-126046
2025-08-11,268899,230254,-38645
2025-08-12,237635,223930,-13705
2025-08-13,233656,224679,-8977
2025-08-14,171677,166741,-4936
2025-08-15,220625,272071,51446
2025-08-16,280905,389344,108439
2025-08-17,404472,269000,-135472
2025-08-18,246222,206977,-39245
2025-08-19,213675,199200,-14475
2025-08-20,236830,229626,-7204
2025-08-21,234759,236460,1701
2025-08-22,242509,288129,45620
2025-08-23,285734,396437,110703
2025-08-24,416265,280837,-135428
2025-08-25,275130,230339,-44791
2025-08-26,247129,232337,-14792
2025-08-27,247943,239679,-8264
2025-08-28,245591,241329,-4262
2025-08-29,254055,293068,39013
2025-08-30,316238,370564,54326
2025-08-31,405475,240772,-164703
2025-09-01,235682,214203,-21479
2025-09-02,214540,213666,-874
2025-09-03,207389,210063,2674
2025-09-04,216346,221477,5131
2025-09-05,219147,282798,63651
2025-09-06,273269,363475,90206
2025-09-07,337190,226139,-111051
2025-09-08,161391,117155,-44236
2025-09-09,219126,214080,-5046
2025-09-10,220424,222626,2202
2025-09-11,224314,229102,4788
2025-09-12,231314,301434,70120
2025-09-13,284121,390295,106174
2025-09-14,411341,262066,-149275
2025-09-15,252716,226336,-26380
2025-09-16,222370,221840,-530
2025-09-17,221444,219437,-2007
2025-09-18,220799,223951,3152
2025-09-19,202108,262728,60620
2025-09-20,218796,304650,85854
2025-09-21,340697,215327,-125370
2025-09-22,262507,258687,-3820
2025-09-23,74211,86898,12687
2025-09-24,18130,6375,-11755
2025-09-25,208156,183748,-24408
2025-09-26,239498,304823,65325
2025-09-27,290887,392793,101906
2025-09-28,412440,273035,-139405
2025-09-29,271302,250693,-20609
2025-09-30,243972,275645,31673
2025-10-01,226425,185905,-40520
2025-10-02,195818,200450,4632
2025-10-03,197549,276530,78981
2025-10-04,223729,340937,117208
2025-10-05,288026,220582,-67444
2025-10-06,188157,234299,46142
2025-10-07,351062,219051,-132011
2025-10-08,230509,209598,-20911
2025-10-09,233425,237967,4542
2025-10-10,236421,294200,57779
2025-10-11,281923,379156,97233
2025-10-12,388222,250484,-137738
2025-10-13,251188,231284,-19904
2025-10-14,226097,225401,-696
2025-10-15,226863,232254,5391
2025-10-16,232180,236342,4162
2025-10-17,239998,300807,60809
2025-10-18,282579,385755,103176
2025-10-19,404794,257967,-146827
2025-10-20,257094,228422,-28672
2025-10-21,210473,206081,-4392
2025-10-22,212682,214311,1629
2025-10-23,225273,232585,7312
2025-10-24,238606,311833,73227
2025-10-25,282524,394248,111724
2025-10-26,404850,260024,-144826
2025-10-27,255170,239781,-15389
2025-10-28,236965,310974,74009
2025-10-29,369972,302815,-67157
2025-10-30,246429,229652,-16777
2025-10-31,241038,292518,51480
2025-11-01,275609,364317,88708
2025-11-02,392668,247640,-145028
2025-11-03,258746,232796,-25950
2025-11-04,227370,223307,-4063
2025-11-05,230340,231773,1433
2025-11-06,232217,240410,8193
2025-11-07,245404,311729,66325
2025-11-08,294281,404434,110153
2025-11-09,419801,274214,-145587
2025-11-10,268214,241281,-26933
2025-11-11,236985,232615,-4370
2025-11-12,235125,233249,-1876
2025-11-13,237299,244047,6748
2025-11-14,252080,320978,68898
2025-11-15,284035,390149,106114
2025-11-16,425264,280109,-145155
2025-11-17,272598,244421,-28177
2025-11-18,240981,234020,-6961
2025-11-19,229635,225787,-3848
2025-11-20,228240,237270,9030
2025-11-21,245273,313919,68646
2025-11-22,293249,402154,108905
2025-11-23,422878,271336,-151542
2025-11-24,267689,240304,-27385
2025-11-25,239552,236935,-2617
2025-11-26,236264,239350,3086
2025-11-27,231714,242405,10691
2025-11-28,247893,321478,73585
2025-11-29,286591,398024,111433
2025-11-30,418765,262393,-156372
2025-12-01,256742,221735,-35007
2025-12-02,229267,221832,-7435
2025-12-03,226266,222535,-3731
2025-12-04,225919,232493,6574
2025-12-05,243656,310234,66578
2025-12-06,287874,397246,109372
2025-12-07,396045,303890,-92155
2025-12-08,345089,262216,-82873
2025-12-09,234248,235362,1114
2025-12-10,231045,232318,1273
2025-12-11,236206,241571,5365
2025-12-12,247820,304606,56786
2025-12-13,282560,375080,92520
2025-12-14,384162,261966,-122196
2025-12-15,259893,243755,-16138
2025-12-16,237704,240370,2666
2025-12-17,241553,245737,4184
2025-12-18,246857,252758,5901
2025-12-19,255727,328572,72845
2025-12-20,267132,392971,125839
2025-12-21,328194,278834,-49360
2025-12-22,259614,295206,35592
2025-12-23,243198,301667,58469
2025-12-24,216277,445980,229703
2025-12-25,253473,505893,252420
2025-12-26,386564,322862,-63702
2025-12-27,364674,260592,-104082
2025-12-28,436206,208243,-227963
2025-12-29,330380,259019,-71361
2025-12-30,299328,249894,-49434
2025-12-31,244093,286599,42506
2026-01-01,305262,192565,-112697
2026-01-02,244456,233769,-10687
2026-01-03,273045,302961,29916
2026-01-04,364020,219135,-144885
2026-01-05,249255,229173,-20082
2026-01-06,226024,226749,725
2026-01-07,223048,222939,-109
2026-01-08,228488,230424,1936
2026-01-09,241108,294263,53155
2026-01-10,286255,378580,92325
2026-01-11,392832,257640,-135192
2026-01-12,266830,238193,-28637
2026-01-13,238451,236616,-1835
2026-01-14,238626,236783,-1843
2026-01-15,241442,249909,8467
2026-01-16,252955,315229,62274
2026-01-17,304668,398229,93561
2026-01-18,421797,274237,-147560
2026-01-19,269347,243405,-25942
2026-01-20,241905,238404,-3501
2026-01-21,232762,232586,-176
2026-01-22,231582,239217,7635
2026-01-23,245371,307611,62240
2026-01-24,303250,401220,97970
2026-01-25,425008,276822,-148186
2026-01-26,268916,245595,-23321
2026-01-27,243985,244053,68
2026-01-28,242550,246617,4067
2026-01-29,246917,251483,4566
2026-01-30,256217,319619,63402
2026-01-31,303024,394526,91502
2026-02-01,423885,274517,-149368
2026-02-02,268454,239603,-28851
2026-02-03,242198,241675,-523
2026-02-04,242636,243218,582
2026-02-05,247354,252737,5383
2026-02-06,258212,314784,56572
2026-02-07,304578,388412,83834
2026-02-08,397793,284692,-113101
2026-02-09,270961,254555,-16406
2026-02-10,241413,250613,9200
2026-02-11,234332,251171,16839
2026-02-12,225998,277221,51223
2026-02-13,212391,371921,159530
2026-02-14,217956,414915,196959
2026-02-15,200961,268128,67167
2026-02-16,103514,231757,128243
2026-02-17,117942,254197,136255
2026-02-18,217175,290007,72832
2026-02-19,331824,247919,-83905
2026-02-20,285842,233567,-52275
2026-02-21,341122,222168,-118954
2026-02-22,379529,151799,-227730
2026-02-23,298624,186641,-111983
2026-02-24,291279,203240,-88039
2026-02-25,258894,203424,-55470
2026-02-26,237459,216464,-20995
2026-02-27,233345,265702,32357
2026-02-28,268125,321571,53446
2026-03-01,344996,233528,-111468
2026-03-02,237198,217992,-19206
2026-03-03,206109,208118,2009
2026-03-04,221565,211509,-10056
2026-03-05,231941,233381,1440
2026-03-06,247574,303758,56184
2026-03-07,293061,384980,91919
2026-03-08,395519,271651,-123868
2026-03-09,266671,242432,-24239
2026-03-10,239281,235364,-3917
2026-03-11,236506,236684,178
2026-03-12,239650,247924,8274
2026-03-13,256661,318195,61534
2026-03-14,302819,398704,95885
2026-03-15,412795,276254,-136541
2026-03-16,268623,243374,-25249
2026-03-17,241176,237355,-3821
2026-03-18,239324,240190,866
2026-03-19,236798,249838,13040
2026-03-20,251897,328492,76595
2026-03-21,298122,398945,100823
2026-03-22,415286,271248,-144038
2026-03-23,273913,242321,-31592
2026-03-24,243107,240288,-2819
2026-03-25,241134,244778,3644
2026-03-26,243258,256597,13339
2026-03-27,253456,334153,80697
2026-03-28,291257,412857,121600
2026-03-29,402071,289968,-112103
2026-03-30,268902,255977,-12925
2026-03-31,243814,265603,21789
2026-04-01,230537,313474,82937
2026-04-02,221557,481783,260226
2026-04-03,227341,538889,311548
2026-04-04,269909,420604,150695
2026-04-05,376000,329878,-46122
2026-04-06,497184,308699,-188485
2026-04-07,556345,175260,-381085
2026-04-08,351859,226124,-125735
2026-04-09,281637,244904,-36733
2026-04-10,277785,297910,20125
2026-04-11,309620,351279,41659
2026-04-12,407003,246967,-160036
2026-04-13,272822,240783,-32039
2026-04-14,242245,237912,-4333
2026-04-15,238303,237228,-1075
2026-04-16,241644,247848,6204
2026-04-17,244592,305909,61317
2026-04-18,294991,397698,102707
2026-04-19,407535,270272,-137263
2026-04-20,266629,239274,-27355
2026-04-21,238242,233968,-4274
2026-04-22,239711,241003,1292
2026-04-23,230821,237759,6938
2026-04-24,232421,286004,53583
2026-04-25,295038,394061,99023
2026-04-26,412588,275351,-137237
2026-04-27,273281,248372,-24909
2026-04-28,245557,240946,-4611
2026-04-29,241921,241377,-544
2026-04-30,251139,373242,122103
2026-05-01,272588,341004,68416
2026-05-02,290819,287150,-3669
2026-05-03,364342,176013,-188329
2026-05-04,223754,200581,-23173
2026-05-05,190780,202289,11509
2026-05-06,232435,239662,7227
2026-05-07,238786,248074,9288
2026-05-08,246624,304823,58199
2026-05-09,290579,388722,98143
2026-05-10,415681,286987,-128694
2026-05-11,261335,251873,-9462
2026-05-12,239630,242670,3040
2026-05-13,241698,242947,1249
2026-05-14,226978,231498,4520
2026-05-15,238687,291944,53257
2026-05-16,283510,370438,86928
2026-05-17,379577,258641,-120936
2026-05-18,262184,238717,-23467
2026-05-19,222691,223734,1043
2026-05-20,228944,233240,4296
2026-05-21,210729,214618,3889
2026-05-22,242437,339509,97072
2026-05-23,257533,489022,231489
2026-05-24,349287,398819,49532
2026-05-25,580718,255901,-324817
2026-05-26,278727,227860,-50867
2026-05-27,235084,228248,-6836
2026-05-28,231871,230885,-986
2026-05-29,235092,282196,47104
2026-05-30,266458,337833,71375
2026-05-31,341177,228485,-112692
2026-06-01,241352,224500,-16852
2026-06-02,224101,221722,-2379
2026-06-03,220075,220740,665
2026-06-04,219947,222627,2680
2026-06-05,231839,286315,54476
2026-06-06,257966,342657,84691
2026-06-07,358053,238361,-119692
2026-06-08,238687,221804,-16883
2026-06-09,224149,225594,1445
2026-06-10,236322,236807,485
2026-06-11,236486,240071,3585
2026-06-12,245238,304087,58849
2026-06-13,275355,371087,95732
2026-06-14,379382,252635,-126747
2026-06-15,237569,220114,-17455
2026-06-16,210537,210154,-383
2026-06-17,221529,235947,14418
2026-06-18,203943,354323,150380
2026-06-19,279484,410400,130916
2026-06-20,330902,325124,-5778
2026-06-21,456176,210363,-245813
2026-06-22,274657,240340,-34317
2026-06-23,235640,233060,-2580
2026-06-24,232754,230934,-1820
2026-06-25,232477,238884,6407
2026-06-26,233182,285338,52156
2026-06-27,270100,362300,92200
2026-06-28,361874,242544,-119330
2026-06-29,253230,238037,-15193
2026-06-30,240102,295132,55030
2026-07-01,328164,276579,-51585
2026-07-02,237840,230113,-7727
2026-07-03,221281,266924,45643
2026-07-04,243287,319673,76386
2026-07-05,364702,243632,-121070
2026-07-06,244438,220722,-23716
2026-07-07,206734,204445,-2289
2026-07-08,225162,224144,-1018
2026-07-09,230600,237764,7164
2026-07-10,236935,293955,57020
2026-07-11,278470,378939,100469
2026-07-12,376427,258835,-117592
2026-07-13,259097,244232,-14865
2026-07-14,219014,228024,9010
2026-07-15,213522,227901,14379
2026-07-16,207947,225468,17521
2026-07-17,217834,283800,65966
2026-07-18,272497,386836,114339
2026-07-19,388868,286117,-102751
2026-07-20,251626,217600,-34026
2026-07-21,231035,229041,-1994
2026-07-22,236885,241223,4338
2026-07-23,235857,243553,7696
2026-07-24,242433,296021,53588
2026-07-25,255866,312788,56922
2026-07-26,175036,93494,-81542
2026-07-27,253012,231498,-21514
2026-07-28,224728,227028,2300
2026-07-29,225598,228208,2610
2026-07-30,232483,237702,5219
2026-07-31,223203,276920,53717
2026-08-01,276973,387866,110893
2026-08-02,384956,262659,-122297
2026-08-03,262471,230374,-32097
2026-08-04,240579,233177,-7402
2026-08-05,244274,241962,-2312
2026-08-06,242029,245447,3418
2026-08-07,243546,303128,59582
2026-08-08,290782,399867,109085
2026-08-09,413974,284391,-129583
2026-08-10,278521,237991,-40530
2026-08-11,245149,231301,-13848
2026-08-12,245092,236471,-8621
2026-08-13,237580,237849,269
2026-08-14,235487,294417,58930
2026-08-15,290156,401218,111062
2026-08-16,425941,286493,-139448
2026-08-17,284982,239764,-45218
2026-08-18,253868,242998,-10870
2026-08-19,252702,248215,-4487
2026-08-20,253405,243540,-9865
2026-08-21,252209,301509,49300
2026-08-22,293776,397226,103450
2026-08-23,424029,287449,-136580
2026-08-24,291625,248728,-42897
2026-08-25,259383,243343,-16040
2026-08-26,247973,235386,-12587
2026-08-27,234101,228738,-5363
2026-08-28,269963,315361,45398
2026-08-29,313804,401520,87716
2026-08-30,444739,282274,-162465
2026-08-31,298677,222175,-76502
2026-09-01,226590,225453,-1137
2026-09-02,236625,238372,1747
2026-09-03,240602,244121,3519
2026-09-04,248841,323163,74322
2026-09-05,297195,393031,95836
2026-09-06,408135,263015,-145120
2026-09-07,272144,250423,-21721
2026-09-08,246409,246514,105
2026-09-09,246299,248370,2071
2026-09-10,248400,254122,5722
2026-09-11,254020,339402,85382
2026-09-12,300617,407343,106726
2026-09-13,430908,273377,-157531
2026-09-14,278530,248661,-29869
2026-09-15,250632,250876,244
2026-09-16,253098,252957,-141
2026-09-17,255770,258391,2621
2026-09-18,260416,334466,74050
2026-09-19,302558,404723,102165
2026-09-20,435051,283427,-151624
2026-09-21,283833,257196,-26637
2026-09-22,256837,256706,-131
2026-09-23,257850,264154,6304
2026-09-24,255790,286388,30598
2026-09-25,194623,385945,191322
2026-09-26,307090,393564,86474
2026-09-27,467304,204903,-262401
2026-09-28,300074,253672,-46402
2026-09-29,262609,252119,-10490
2026-09-30,253775,298078,44303
2026-10-01,221385,194374,-27011
2026-10-02,207807,249771,41964
2026-10-03,241834,302430,60596
2026-10-04,344616,212320,-132296
2026-10-05,251328,225708,-25620
2026-10-06,227815,232483,4668
