start,eve_dow,eve_dep,baseline,ratio
2024-02-10,Friday,229610,262302.0,0.8753650372471427
2024-03-29,Thursday,383126,203874.0,1.879229327918224
2024-06-08,Friday,269329,262302.0,1.026789730920847
2024-06-29,Friday,267492,262302.0,1.019786353134936
2024-10-11,Thursday,365395,203874.0,1.7922589442498797
2025-01-29,Tuesday,234399,202624.0,1.1568175536955148
2025-04-04,Thursday,407954,203874.0,2.0010104280094567
2025-04-18,Thursday,448915,203874.0,2.2019237372102376
2025-05-03,Friday,234151,262302.0,0.8926771431403496
2025-12-25,Wednesday,445980,201865.5,2.209292821210162
