start,kind,Lo Wu,Lok Ma Chau Spur Line,Lok Ma Chau,Shenzhen Bay,Man Kam To,Heung Yuen Wai,Express Rail Link West Kowloon,hzmb_per_day
2024-01-06,ordinary,0.3257016155961041,0.27608374760874926,0.05051507463198924,0.14692656012532807,0.005706234259874735,0.12390033672555463,0.07116643105239999,24449.666666666668
2024-01-13,ordinary,0.32484257622624835,0.28173469951391955,0.049827386212991605,0.14597326557666815,0.005903391515687141,0.12137372956252762,0.07034495139195758,28871.666666666668
2024-01-20,ordinary,0.32743832875621837,0.27988514392286484,0.05023289372617981,0.14810550039203887,0.005661600556974764,0.11895218456844439,0.06972434807727891,29666.666666666668
2024-01-27,ordinary,0.3295861218665218,0.27641630490786495,0.051100496106409446,0.14976186054564725,0.005787675393094166,0.11504837491290561,0.07229916626755677,26667.333333333332
2024-02-03,ordinary,0.33074438349799723,0.2680843004286638,0.0538826109280416,0.14330273844701483,0.006451412430214509,0.11659892190387691,0.08093563236419112,23397.333333333332
2024-02-10,long,0.28464035847461583,0.2542436610879746,0.04346349128966844,0.18279767862792182,0.0036226058905594423,0.09649823407687082,0.13473397055238906,45862.0
2024-02-17,ordinary,0.29954216932418953,0.2817468415844253,0.05564048162708941,0.15841942526655448,0.004815115728351232,0.1312152728308876,0.06862069363850244,30362.666666666668
2024-02-24,ordinary,0.32660510936906606,0.2902531444669285,0.04872435821132405,0.1427707019005674,0.005678178901604684,0.11645013915576943,0.06951836799473986,26537.0
2024-03-02,ordinary,0.31771683686590435,0.28220792179603427,0.05123023996402524,0.14330535785926637,0.005609300534771932,0.12626143131950088,0.07366891166049698,26036.666666666668
2024-03-09,ordinary,0.31793183494597993,0.2823374517290754,0.050584132425044476,0.14717750683386124,0.005693528441879637,0.12633694190133207,0.06993860372282727,28852.666666666668
2024-03-16,ordinary,0.3127812007262807,0.2802666180028857,0.05045497571843627,0.1506454734150027,0.005447105052061931,0.12983776843304815,0.0705668586522846,32570.333333333332
2024-03-23,ordinary,0.31073906918501515,0.27274079098403425,0.05006652405301054,0.15101220912031724,0.005679327976625274,0.12778357508087237,0.08197850360012522,29770.333333333332
2024-03-29,long,0.2912151579439024,0.26628574015855455,0.05203930322739001,0.15964299906049248,0.005127077774183382,0.09811925728267261,0.12757046455280455,56446.0
2024-04-06,ordinary,0.31785539961352527,0.26907968199415605,0.05419171285864252,0.15252545852083152,0.005180299150156796,0.12557753899850893,0.07558990886417888,29173.0
2024-04-13,ordinary,0.3066023832846484,0.2693881748845796,0.050709705093295775,0.16377587943354033,0.005814602478606001,0.13023906845954425,0.07347018636578566,31461.666666666668
2024-04-20,ordinary,0.3139497137058386,0.2761245127270644,0.049818457585090334,0.15006778856514658,0.005624950556630049,0.1251469661548198,0.07926761070541026,29769.0
2024-04-27,ordinary,0.31188086468652254,0.28065425877984573,0.05147993586445514,0.14921178068692545,0.005741165709805715,0.12781375647548504,0.07321823779696036,28892.333333333332
2024-05-04,ordinary,0.3224128982349888,0.28103976647239093,0.05393053016453382,0.14491340238221964,0.005887778479359717,0.12585167823174903,0.06596394603475805,26207.333333333332
2024-05-11,ordinary,0.30415365838612246,0.2776524493871543,0.049798177610959976,0.15834801993910855,0.005787954039895152,0.13157948850694978,0.07268025212980984,30357.333333333332
2024-05-18,ordinary,0.3113489391267169,0.272017797017797,0.05109160386938165,0.15101143712254822,0.0063665758110202555,0.1359868526535193,0.07217679439901663,33412.0
2024-05-25,ordinary,0.3134033325663291,0.27366712821485806,0.05130989529718725,0.1504916228330447,0.006040495134905288,0.13233918813269444,0.0727483378209812,27856.333333333332
2024-06-01,ordinary,0.31847331632086984,0.27284440992640263,0.051568475165501684,0.14829986316061985,0.005991345833795628,0.12934206146677021,0.07348052812604017,24391.333333333332
2024-06-08,long,0.31420680774639537,0.26653987563748494,0.05030582335101066,0.15821741414072957,0.0050482031819183,0.12189644363870487,0.08378543230375629,41965.75
2024-06-15,ordinary,0.3116782545274321,0.2758417743084596,0.052753630534505914,0.1485963622846812,0.006171275058924905,0.13080343439975445,0.07415526888624184,28224.0
2024-06-22,ordinary,0.3117448483988225,0.27951270388861804,0.05131544030067207,0.1483352567623444,0.005870264198917531,0.134501379314601,0.06872010713602449,32152.333333333332
2024-06-29,long,0.3040035422868559,0.27118093165693047,0.04955088286983306,0.15868106271831803,0.0055828118434328566,0.11789637197883339,0.09310439664579631,44892.25
2024-07-06,ordinary,0.31420890632637155,0.27481868981096186,0.05218959299330242,0.15069551777434312,0.0062127637088997215,0.13233728318736046,0.06953724619876088,28877.666666666668
2024-07-13,ordinary,0.3135337304672316,0.2716391005208738,0.050404989116069346,0.15464656378760785,0.005904775324574361,0.12593776723936873,0.07793307354427427,32301.0
2024-07-20,ordinary,0.31037448340434537,0.2704026831599967,0.05145471121703108,0.15473693146794984,0.005492308430521191,0.12311186518252944,0.08442701713762638,32354.666666666668
2024-07-27,ordinary,0.3169270919580582,0.27367110239714915,0.05162978320339668,0.15743685873445892,0.005247365388054659,0.12004557166608157,0.07504222665280087,33361.0
2024-08-03,ordinary,0.3096278681928143,0.2722547037634956,0.051524450843792875,0.15654648496395518,0.0055024700515341465,0.12598717221519262,0.07855684996921526,36575.0
2024-08-10,ordinary,0.3131303629223357,0.2721512656675327,0.05148048211823376,0.15819951083241843,0.005613281352331643,0.12104039800236725,0.07838469910478046,36649.0
2024-08-17,ordinary,0.3120019358988238,0.27612285315825336,0.05137900950755574,0.1549317659345488,0.005372119236084136,0.12281494972394337,0.07737736654079079,32992.666666666664
2024-08-24,ordinary,0.3110426144108946,0.2759155237406408,0.05240786179889459,0.15630203439706006,0.00567125639621736,0.12871296052201694,0.06994774873427562,38342.666666666664
2024-08-31,ordinary,0.31817544860274904,0.27425675393287985,0.05387904012901862,0.14866642246222,0.005622438619048439,0.13149426078576468,0.06790563546831939,32901.333333333336
2024-09-07,ordinary,0.3291872917937409,0.26994674611739317,0.050981208651996436,0.14623263970346737,0.00557464927509032,0.12674189461830807,0.07133556984000375,24085.333333333332
2024-09-14,ordinary,0.32524842017004324,0.2588842796082283,0.04821969998372962,0.15675737303463927,0.006706483567511974,0.1271892268720139,0.07699451676383368,31981.0
2024-09-21,ordinary,0.3170233191094326,0.26940006435040376,0.04875729875993607,0.15272671649427438,0.006752836428658083,0.13118647375611198,0.0741532911011831,28808.333333333332
2024-09-28,ordinary,0.3149804314401528,0.26725294693192936,0.04976820574942925,0.15577156035968875,0.006685924614452779,0.13047337278106508,0.07506755812328193,33596.333333333336
2024-10-05,ordinary,0.32079586162829427,0.27190624766332905,0.05365608282181482,0.15308304613523122,0.007560277613502729,0.13077744016422974,0.062221043973598164,31235.666666666668
2024-10-11,long,0.31127375232957794,0.2690221547932334,0.050677879857774784,0.1579570889407093,0.0067686530122964255,0.11631422533144782,0.08798624573496037,43218.5
2024-10-19,ordinary,0.31272160764609863,0.2665102863743631,0.049884604572824315,0.15366253510879296,0.0077221627725139195,0.13536580468526693,0.07413299884014013,32914.666666666664
2024-10-26,ordinary,0.3123092353017759,0.2702216607438196,0.050305223517158576,0.15286852243850926,0.007430480883749861,0.13316038941313185,0.07370448770185496,31296.666666666668
2024-11-02,ordinary,0.31145673477598645,0.2662240997787166,0.050379055665718306,0.15625829812914907,0.007141994999568928,0.1328022530677932,0.0757375635830675,33879.333333333336
2024-11-09,ordinary,0.31580557509146756,0.2645600242935181,0.04940095932303267,0.15542997382125073,0.007153718590298623,0.12964181736286637,0.07800793151756595,33056.666666666664
2024-11-16,ordinary,0.31481765692108427,0.2674117119065391,0.04876976846393716,0.15984289870035648,0.006669131547922175,0.12549152290130475,0.07699730955885602,31701.666666666668
2024-11-23,ordinary,0.31368546349953164,0.2648787751379976,0.04870298584347908,0.15980896192652225,0.006941305501982183,0.13121524697543716,0.07476726111505005,29382.666666666668
2024-11-30,ordinary,0.313262043280513,0.26573046417320306,0.049455082427013235,0.15933450611885652,0.007210042285558643,0.13281064466061815,0.07219721705423739,35064.0
2024-12-07,ordinary,0.3157038476022522,0.2668223526494172,0.050648461969450644,0.1578846454125449,0.007676375226180963,0.13049493446492702,0.0707693826752271,32994.666666666664
2024-12-14,ordinary,0.31568493678921233,0.26452305666130765,0.0517314001293285,0.16003630690009077,0.007376470518441177,0.12829861832074654,0.07234921068087302,30534.0
2024-12-21,ordinary,0.2977784671412651,0.25364952453396256,0.050262034852282034,0.16622560388064428,0.006906501417739754,0.1121931993111559,0.1129846688629504,36811.0
2024-12-28,ordinary,0.3041338037274423,0.26215983724434194,0.049795104136706306,0.17207030580014934,0.0063038791681729305,0.12300480509165561,0.08253226483153153,37889.0
2025-01-04,ordinary,0.31190577399457126,0.2538753362977729,0.05140775347091282,0.17572632990028664,0.007382227487204361,0.1358649665334579,0.0638376123157941,27368.666666666668
2025-01-11,ordinary,0.3172094668559655,0.25362822847800837,0.05167237909490279,0.170106074295029,0.008047592414660146,0.13125558694602593,0.06808067191540826,30421.666666666668
2025-01-18,ordinary,0.3218468642484786,0.25577542756116295,0.05169479200279966,0.17027228476505157,0.007659287269289678,0.12840242333895385,0.0643489208142637,31629.333333333332
2025-01-25,ordinary,0.2998076779246311,0.22154114089728932,0.04895772119709808,0.17952517816503372,0.006654343807763401,0.11678116953190944,0.12673276847627493,34745.666666666664
2025-01-29,long,0.2673454752836682,0.23957577519981704,0.04868943729372471,0.212283208027126,0.00551384955914613,0.10753771185124747,0.11905454278527043,49728.0
2025-02-08,ordinary,0.30651102956265275,0.2616059133796867,0.05418192162196204,0.16823921845567724,0.007898375462248143,0.13313878695331594,0.06842475456445717,28243.0
2025-02-15,ordinary,0.30998268806873414,0.2616410629548324,0.05097952641674561,0.17145006853812736,0.007699698252024325,0.12958943577971835,0.06865751998981784,32899.0
2025-02-22,ordinary,0.3139603484942032,0.26784660766961654,0.05265029384189705,0.15636276325718598,0.008013765978367749,0.13158400219523908,0.06958221856349044,34360.666666666664
2025-03-01,ordinary,0.30762879769912366,0.2555449327531242,0.05047003065491278,0.1766859351449559,0.007767498987809484,0.13166528872663597,0.07023751603343802,33938.333333333336
2025-03-08,ordinary,0.3057592443938489,0.25545543180254776,0.04928024627425173,0.18135342629715223,0.0075525281646362805,0.12714968249569097,0.07344944057187214,35561.333333333336
2025-03-15,ordinary,0.3024711398925345,0.2557731109648798,0.049250661309370766,0.1817533087257974,0.007515176341902392,0.12841385982420284,0.07482274294131233,35797.666666666664
2025-03-22,ordinary,0.30367197877340213,0.25454890750909454,0.04887967701692518,0.1771659086518469,0.008365995095005616,0.13099412906880417,0.07637340388492145,35069.333333333336
2025-03-29,ordinary,0.30168155829354043,0.2550320911879782,0.05034364013521649,0.17360506718139698,0.00723645479128255,0.12521938309971273,0.08688180531087264,33335.333333333336
2025-04-04,long,0.3074892785425669,0.23947959538222874,0.0506750970191983,0.1881805413499983,0.0069246993995331334,0.11232857494743265,0.094922213359042,43402.75
2025-04-12,ordinary,0.2960608397661315,0.2444781709390824,0.05067228932143708,0.18727520583774962,0.007488225208078321,0.1220922690855403,0.09193299984198076,33037.666666666664
2025-04-18,long,0.2805973115954375,0.2570672188511592,0.051107099327680434,0.18363083146577897,0.006690977637401762,0.10133120585035975,0.1195753552721824,61848.2
2025-04-26,ordinary,0.30633063652603004,0.2518982163626827,0.053492448811314534,0.17406268954913434,0.007889091074632187,0.1326590673894059,0.07366785028680026,30868.0
2025-05-03,long,0.3064629816642582,0.24984889146780784,0.05693397533536795,0.18217272681623156,0.007813008538329494,0.12296514925803385,0.07380326691997106,41770.75
2025-05-10,ordinary,0.301264881995765,0.2534672070227595,0.052209102849957695,0.17873002295111087,0.00811936447392408,0.13571538752787088,0.070494033178612,32221.333333333332
2025-05-17,ordinary,0.30381528027354204,0.2531345234138675,0.051322927170000504,0.17930521678881045,0.008610715231265808,0.12993245945595783,0.07387887766655589,36315.666666666664
2025-05-24,ordinary,0.3052021383385734,0.2524918084018334,0.053151871283003145,0.17744635213455054,0.00807795749839009,0.12943198606007802,0.07419788628357135,32624.0
2025-06-07,ordinary,0.30617827063127545,0.25413081385409664,0.05244179022828032,0.17918808337987077,0.008014314532213396,0.12965820635264352,0.07038852102161995,36244.666666666664
2025-06-14,ordinary,0.3080671978450922,0.25489293993551965,0.052558059152696915,0.17591342228684828,0.008270412328742633,0.1255639052937075,0.0747340631573929,30945.666666666668
2025-06-21,ordinary,0.3105406783404583,0.25762570518550015,0.05044308252502338,0.18088975677421884,0.0077469774815408085,0.12320749225405463,0.06954630743920387,38621.0
2025-06-28,ordinary,0.30022450946220247,0.2501137924671437,0.05057818875197343,0.18505935661123982,0.007160724171160273,0.11573719065876611,0.0911262378775142,43609.0
2025-07-05,ordinary,0.30611562268314974,0.25583084765829295,0.05332045954815313,0.17799272401248298,0.007795536704655827,0.12715276700172992,0.07179204239153548,35823.0
2025-07-12,ordinary,0.3256694432551661,0.2580135379012459,0.05021271522173868,0.16950449547201102,0.006426438469751082,0.11494317658344128,0.07523019309664587,36061.333333333336
2025-07-19,ordinary,0.3099172106909931,0.24381785715422494,0.055528677058035276,0.16860881494472754,0.0069627686832966764,0.11143135426248763,0.10373331720623483,25628.333333333332
2025-07-26,ordinary,0.3089525233056681,0.2534505638284438,0.050113138331018124,0.18259677830062707,0.00703776315271915,0.11919894335216556,0.07865028972935821,42958.666666666664
2025-08-02,ordinary,0.31032689260041,0.2531969011875368,0.05047089569084482,0.17727646126600777,0.006891809184269501,0.1133547274576287,0.08848231261330236,39363.333333333336
2025-08-09,ordinary,0.3125409055134419,0.25461248498405203,0.051878546870469326,0.17877469864545795,0.007270825566463693,0.12089391491653204,0.07402862350358312,42868.333333333336
2025-08-16,ordinary,0.3090545616740917,0.25531187695813157,0.051628574345856416,0.18129974258798492,0.007087160030738972,0.12049246841463218,0.07512561598856424,40330.333333333336
2025-08-23,ordinary,0.30482399578207237,0.25941290839162506,0.051515273932233485,0.18438206634949342,0.007448702769724146,0.1202596221474348,0.07215743062741674,41591.333333333336
2025-08-30,ordinary,0.3106863746732655,0.2591319808404209,0.05294647082498529,0.1772813919443081,0.007363965661363727,0.12366818368782093,0.06892163236783562,35982.666666666664
2025-09-06,ordinary,0.3119523802973824,0.2578770122373374,0.05130718055230785,0.17326905177828825,0.00852464202693223,0.12480571106312155,0.07226402204463028,31167.333333333332
2025-09-13,ordinary,0.30777682835410125,0.2568654689949098,0.04976855613627666,0.1797985940375028,0.00862134945140203,0.12762805424645757,0.06954114877934986,35984.0
2025-09-20,ordinary,0.31756281102075495,0.2550973866271456,0.04972499217457407,0.17133658274828958,0.008231709264665488,0.11911512000051105,0.07893139816405925,30398.666666666668
2025-09-27,ordinary,0.3112694470000031,0.251409620965723,0.048329420152042286,0.1793023445089945,0.008247042448830733,0.12934412059535302,0.07209800432905339,34413.333333333336
2025-10-04,ordinary,0.3144493937705313,0.2372176328591765,0.0489863957835401,0.18166598850425214,0.008906400461070892,0.11929016083785077,0.0894840277835783,32639.333333333332
2025-10-11,ordinary,0.3062207741600277,0.25187045375822653,0.05046544856252165,0.18142860235538621,0.009260261517145827,0.12846272081745758,0.0722917388292345,35818.666666666664
2025-10-18,ordinary,0.30467883992974276,0.24980704668676135,0.0491048977850336,0.18261376834379886,0.008754627968013688,0.1281813475287683,0.07685947175788144,33323.666666666664
2025-10-25,ordinary,0.303328313175069,0.24708908451979858,0.04757350391520591,0.18471077160350066,0.008769233157886564,0.12690649567076043,0.08162259795777892,33741.666666666664
2025-11-01,ordinary,0.30493490699024295,0.24811962740816496,0.051566931092622795,0.18302993449238508,0.008801791094281213,0.13049780259266425,0.07304900632963875,32439.333333333332
2025-11-08,ordinary,0.3081927387247482,0.24954840429452624,0.04934686488074743,0.18285460991117525,0.008895602381719285,0.1285924450991895,0.07256933470789406,28434.333333333332
2025-11-15,ordinary,0.31164929441626416,0.25967277217534473,0.05166378138001445,0.1622640824183141,0.009367093204847281,0.13155999176785346,0.07382298463736184,35482.0
2025-11-22,ordinary,0.30260915183070036,0.24927259119574563,0.048513837730869376,0.18627438072774302,0.009190720360053433,0.12953801312323465,0.07460130503165355,35501.333333333336
2025-11-29,ordinary,0.3050224311153433,0.24375824298932167,0.048681376318241765,0.1949617830827125,0.008710707356692925,0.1233665514133385,0.07549890772434935,37573.333333333336
2025-12-06,ordinary,0.30491709265649564,0.25026548147562216,0.05018242581844429,0.18798263741261853,0.008610103127440996,0.1270889980916974,0.07095326141768096,34135.666666666664
2025-12-13,ordinary,0.3044118209274764,0.2486598021349713,0.05065884212001886,0.18667299596878678,0.009030937119020616,0.12924413689983136,0.0713214648298947,30029.0
2025-12-20,ordinary,0.2898477274067677,0.24068626127949763,0.05085682697622996,0.18992239925548068,0.008599757891274989,0.12368936910784634,0.09639765808290275,35987.333333333336
2025-12-25,long,0.2810199762556135,0.24281502893488646,0.050773413169531476,0.1982650538836984,0.007069403580011127,0.10700000573535906,0.1130571184409,57466.4
